IL,17031,Cook,1216405,410444
IL,17043,DuPage,200190,218002
IL,17089,Kane,95536,100413
IL,17097,Lake,146148,150079
IL,17111,McHenry,55053,84088
NJ,34021,Mercer,89139,52153
NJ,34025,Monmouth,122400,162915
NJ,34029,Ocean,69693,170563
TN,47157,Shelby,199535,121525
MN,27005,Becker,8743,8097
MN,27007,Beltrami,11230,9695
MN,27011,Big Stone,1525,1174
MN,27023,Chippewa,3593,2514
MN,27027,Clay,18316,10096
MN,27029,Clearwater,1861,2293
MN,27033,Cottonwood,2480,3103
MN,27041,Douglas,9960,11207
MN,27051,Grant,2036,1380
MN,27067,Kandiyohi,10872,10313
MN,27069,Kittson,1569,795
MN,27073,Lac Qui Parle,2345,1480
MN,27077,Lake of the Woods,1111,1073
MN,27081,Lincoln,1580,1388
MN,27083,Lyon,6136,5752
MN,27085,McLeod,7748,10326
MN,27087,Mahnomen,1376,671
MN,27089,Marshall,2788,1977
MN,27093,Meeker,5349,6588
MN,27101,Murray,2181,2412
MN,27107,Norman,2261,956
MN,27111,Otter Tail,15641,16151
MN,27113,Pennington,3876,2713
MN,27117,Pipestone,1795,2854
MN,27119,Polk,8377,6046
MN,27121,Pope,3463,2722
MN,27125,Red Lake,1163,707
MN,27127,Redwood,3740,3649
MN,27129,Renville,3966,3479
MN,27135,Roseau,3665,3978
MN,27143,Sibley,3225,4328
MN,27145,Stearns,29567,46778
MN,27149,Stevens,3183,2087
MN,27151,Swift,2982,1962
MN,27153,Todd,5367,6243
MN,27155,Traverse,1123,632
MN,27167,Wilkin,1868,1369
MN,27173,Yellow Medicine,2851,2335
CA,06065,Riverside,388393,326979
FL,12011,Broward,495206,259978
FL,12086,Miami-Dade,310314,397776
SC,45013,Beaufort,28253,44856
SC,45015,Berkeley,28491,44897
SC,45019,Charleston,79766,82835
SC,45029,Colleton,8045,7979
SC,45035,Dorchester,22764,35053
CA,06073,San Diego,708468,545453
MI,26023,Branch,4844,11730
MI,26045,Eaton,24542,27654
MI,26059,Hillsdale,5287,13180
MI,26075,Jackson,26338,38503
MI,26091,Lenawee,17472,26052
MI,26115,Monroe,28123,39992
MI,26161,Washtenaw,124249,52892
FL,12095,Orange,329569,199411
FL,12117,Seminole,103836,114820
DE,10001,Kent,33113,35353
DE,10003,New Castle,158803,80356
DE,10005,Sussex,41638,56592
ID,16001,Ada,77689,110777
ID,16003,Adams,609,1534
ID,16009,Benewah,1002,3114
ID,16015,Boise,1158,2599
ID,16017,Bonner,6800,13617
ID,16021,Boundary,1149,3958
ID,16027,Canyon,21831,50174
ID,16035,Clearwater,962,2740
ID,16045,Gem,1967,5893
ID,16049,Idaho County,1701,6406
ID,16055,Kootenai,18880,46330
ID,16057,Latah,9073,9075
ID,16061,Lewis,374,1217
ID,16069,Nez Perce,5990,11162
ID,16073,Owyhee,841,3027
ID,16075,Payette,2227,6392
ID,16079,Shoshone,1887,3194
ID,16085,Valley,2324,3003
ID,16087,Washington,1139,3271
FL,12103,Pinellas,223885,260020
VT,50001,ADDISON,16228,0
VT,50003,BENNINGTON,14226,0
VT,50005,CALEDONIA,11567,0
VT,50007,CHITTENDEN,70924,0
VT,50009,ESSEX,2265,0
VT,50011,FRANKLIN,18078,0
VT,50013,GRAND ISLE,3455,0
VT,50015,LAMOILLE,10879,0
VT,50017,ORANGE,12212,0
VT,50019,ORLEANS,9695,0
VT,50021,RUTLAND,24342,0
VT,50023,WASHINGTON,26545,0
VT,50025,WINDHAM,18843,0
VT,50027,WINDSOR,25155,0
NC,37069,Franklin,13019,16616
NC,37085,Harnett,17483,27524
NC,37101,Johnston,27607,55335
NC,37127,Nash,22925,23810
NC,37183,Wake,296935,216690
NC,37195,Wilson,20307,16638
CA,06037,Los Angeles,2438810,647986
NY,36011,Cayuga,10712,21511
NY,36067,Onondaga,87118,117230
NY,36075,Oswego,15071,28511
NY,36117,Wayne,11898,25753
OH,39005,Ashland,4094,15617
OH,39031,Coshocton,3492,10557
OH,39075,Holmes,1211,9421
OH,39077,Huron,7262,15373
OH,39083,Knox,6833,19354
OH,39093,Lorain,64695,59717
OH,39103,Medina,26177,57484
OH,39139,Richland,14468,34724
OH,39151,Stark,59642,99812
OH,39157,Tuscarawas,10654,27320
CA,06059,Orange,579096,556743
NC,37021,Buncombe,75678,58880
NC,37035,Catawba,20787,49625
NC,37045,Cleveland,14713,28898
NC,37071,Gaston,30250,63438
NC,37097,Iredell,24646,53976
NC,37109,Lincoln,9819,29205
NC,37149,Polk,4611,6035
NC,37161,Rutherford,8180,21216
NY,36047,Brooklyn,633257,67980
NY,36081,Queens,507601,115974
NM,35001,Bernalillo,174552,92919
NM,35007,Colfax,2999,2260
NM,35009,Curry,4318,8681
NM,35021,Harding,228,285
NM,35028,Los Alamos,6514,4151
NM,35031,McKinley,15593,5582
NM,35033,Mora,1789,614
NM,35037,Quay,1555,1933
NM,35039,Rio Arriba,11594,3093
NM,35041,Roosevelt,1707,4099
NM,35043,Sandoval,33708,26814
NM,35045,San Juan,17993,27083
NM,35047,San Miguel,8449,2124
NM,35049,Santa Fe,54858,15196
NM,35055,Taos,12123,2903
NM,35059,Union,524,1155
VA,51007,Amelia,2008,4806
VA,51041,Chesterfield,76905,93443
VA,51047,Culpeper,7561,14323
VA,51075,Goochland,4429,8965
VA,51087,Henrico,85577,67671
VA,51109,Louisa,6149,11068
VA,51135,Nottoway,2614,3852
VA,51137,Orange,5772,11007
VA,51145,Powhatan,3969,12495
VA,51177,Spotsylvania,23237,37190
CA,06027,Inyo,3026,4866
CA,06071,San Bernardino,313333,291079
CA,06051,Mono,2602,2563
ME,23001,ANDROSCOGGIN,27348,29474
ME,23003,AROOSTOOK,14282,20373
ME,23007,FRANKLIN,7651,8808
ME,23009,HANCOCK,16450,15663
ME,23011,KENNEBEC,32792,33145
ME,23017,OXFORD,14788,16199
ME,23019,PENOBSCOT,35388,45164
ME,23021,PISCATAQUIS,3470,5711
ME,23025,SOMERSET,10176,15758
ME,23027,WALDO,11171,11437
ME,23029,WASHINGTON,6749,9487
HI,15003,Honolulu,203339,61163
CO,08117,Summit,9467,5024
CO,08047,Gilpin,1742,1412
CO,08059,Jefferson,161847,139416
CO,08069,Larimer,93427,84683
CO,08037,Eagle,13581,9517
CO,08049,Grand,3397,4310
CO,08013,Boulder,126737,47162
CO,08014,Broomfield,19551,15173
CO,08093,Park,3383,5925
CO,08019,Clear Creek,2815,2441
MI,26035,Clare,3872,8161
MI,26037,Clinton,14621,22103
MI,26051,Gladwin,3550,7834
MI,26057,Gratiot,4963,9833
MI,26073,Isabella,10011,12627
MI,26107,Mecosta,5324,10125
MI,26111,Midland,12669,26950
MI,26113,Missaukee,1468,5146
MI,26117,Montcalm,7311,16216
MI,26129,Ogemaw,2829,6261
MI,26133,Osceola,2526,7007
MI,26143,Roscommon,3964,7659
MI,26145,Saginaw,45444,41472
MI,26155,Shiawassee,11386,18579
MI,26165,Wexford,4102,9557
WI,55027,Dodge,12881,26886
WI,55055,Jefferson,13758,25438
WI,55079,Milwaukee,265747,72744
WI,55127,Walworth,13384,33604
WI,55131,Washington,15567,56888
WI,55133,Waukesha,56459,165577
TX,48141,El Paso,166969,3136
AR,05021,Clay,0,3769
AR,05107,Phillips,0,3030
AR,05017,Chicot,0,2119
AR,05037,Cross,0,5005
AR,05129,Searcy,0,2856
AR,05095,Monroe,0,1695
AR,05117,Prairie,0,2665
AR,05065,Izard,0,4234
AR,05001,Arkansas,0,4320
AR,05067,Jackson,0,3867
AR,05035,Crittenden,0,7754
AR,05049,Fulton,0,3496
AR,05055,Greene,0,11601
AR,05005,Baxter,0,14947
AR,05077,Lee,0,1480
AR,05135,Sharp,0,5716
AR,05041,Desha,0,2197
AR,05111,Poinsett,0,6130
AR,05123,Saint Francis,0,3530
AR,05069,Jefferson,0,11287
AR,05063,Independence,0,10135
AR,05137,Stone,0,4216
AR,05147,Woodruff,0,1637
AR,05023,Cleburne,0,9590
AR,05093,Mississippi,0,8258
AR,05079,Lincoln,0,2573
AR,05121,Randolph,0,4985
AR,05075,Lawrence,0,4488
AR,05085,Lonoke,0,21096
AR,05031,Craighead,0,26499
NY,36103,Suffolk,278279,361915
MI,26015,Barry,8137,20174
MI,26025,Calhoun,22492,31785
MI,26067,Ionia,7492,17406
MI,26081,Kent,118157,174244
NY,36061,Manhattan,530131,87542
NM,35057,Torrance,3134,3114
NM,35061,Valencia,10778,16288
IA,19009,Audubon,1167,2011
IA,19015,Boone,6292,7421
IA,19021,Buena Vista,3322,4655
IA,19023,Butler,2235,4898
IA,19025,Calhoun,1586,3339
IA,19027,Carroll,3800,6305
IA,19033,Cerro Gordo,10450,11563
IA,19035,Cherokee,2226,3888
IA,19037,Chickasaw,2446,3664
IA,19041,Clay,3015,5331
IA,19047,Crawford,2368,4315
IA,19059,Dickinson,3619,6503
IA,19063,Emmet,1671,2955
IA,19067,Floyd,3446,4314
IA,19069,Franklin,1653,3118
IA,19073,Greene,1902,2707
IA,19075,Grundy,1823,4823
IA,19079,Hamilton,2913,4513
IA,19081,Hancock,1877,3826
IA,19083,Hardin,3056,5252
IA,19085,Harrison,2361,4811
IA,19091,Humboldt,1344,3522
IA,19093,Ida,1106,2424
IA,19109,Kossuth,3232,5238
IA,19119,Lyon,1099,5066
IA,19133,Monona,1571,2914
IA,19141,O'Brien,1819,5398
IA,19143,Osceola,694,2375
IA,19147,Palo Alto,1703,2875
IA,19149,Plymouth,3575,9207
IA,19151,Pocahontas,1096,2642
IA,19161,Sac,1585,3490
IA,19165,Shelby,1809,4185
IA,19167,Sioux,2928,14774
IA,19169,Story,26405,21590
IA,19187,Webster,6929,9809
IA,19189,Winnebago,2201,3405
IA,19193,Woodbury,18567,23877
IA,19197,Wright,2102,3716
IN,18007,Benton,853,2594
IN,18011,Boone,8774,21762
IN,18015,Carroll,2027,6113
IN,18017,Cass,3987,9403
IN,18023,Clinton,2985,8111
IN,18045,Fountain,1799,5275
IN,18063,Hendricks,19970,50677
IN,18067,Howard,12187,22296
IN,18073,Jasper,3734,8783
IN,18107,Montgomery,3961,10336
IN,18109,Morgan,7228,21779
IN,18111,Newton,1627,3758
IN,18133,Putnam,3318,10499
IN,18157,Tippecanoe,26234,32532
IN,18171,Warren,1013,2732
IN,18181,White,2584,6868
KS,20091,Johnson,111049,155963
KS,20121,Miami,3671,10448
KS,20209,Wyandotte,26810,16080
CA,06069,San Benito,12779,8724
CA,06087,Santa Cruz,94616,30010
CA,06085,Santa Clara,528095,135792
CA,06053,Monterey,90314,43131
NC,37001,Alamance,28996,40312
NC,37033,Caswell,4601,6136
NC,37037,Chatham,20573,18201
NC,37081,Guilford,142903,107029
NC,37105,Lee,10329,13490
NC,37145,Person,7542,10893
NC,37151,Randolph,12761,49642
NC,37157,Rockingham,13962,27159
MD,24003,Anne Arundel,124765,125413
MD,24005,Baltimore,223371,143471
MD,24027,Howard,98897,53716
MD,24031,Montgomery,336674,110458
MD,24510,Baltimore City,196973,26175
NY,36001,Albany,96032,36645
NY,36057,Montgomery,9499,8634
NY,36083,Rensselaer,37483,30766
NY,36091,Saratoga,52496,54501
NY,36093,Schenectady,43201,21456
MN,27037,Dakota,106560,100780
MN,27049,Goodhue,9946,13083
MN,27131,Rice,16120,14294
MN,27139,Scott,27788,39455
MN,27157,Wabasha,4445,6066
MN,27163,Washington,62336,67274
NJ,34023,Middlesex,184771,101041
NJ,34035,Somerset,73140,70036
NJ,34039,Union,119724,64263
OH,39007,Ashtabula,15619,23821
OH,39035,Cuyahoga,361469,195778
OH,39055,Geauga,13588,35059
OH,39085,Lake,39174,70412
OH,39133,Portage,35917,35957
OH,39153,Summit,132447,108627
OH,39155,Trumbull,60623,32564
CA,06013,Contra Costa,308656,130728
MD,24011,Caroline,3531,9743
MD,24013,Carroll,22690,60265
MD,24015,Cecil,12124,29203
MD,24019,Dorchester,5327,9112
MD,24025,Harford,43861,80657
MD,24029,Kent,3942,5493
MD,24035,Queen Anne's,6705,18269
MD,24039,Somerset,3351,5717
MD,24041,Talbot,7203,12236
MD,24045,Wicomico,15740,24292
MD,24047,Worcester,8514,18137
NY,36007,Broome,40342,31947
NY,36021,Columbia,14212,15741
NY,36025,Delaware,6943,11913
NY,36027,Dutchess,64217,57116
NY,36039,Greene,7318,13740
NY,36077,Otsego,10642,13768
NY,36095,Schoharie,4722,8778
NY,36105,Sullivan,12905,14908
NY,36111,Ulster,45541,36216
GA,13001,Appling,1305,5387
GA,13031,Bulloch,8513,16145
GA,13033,Burke,4339,4688
GA,13043,Candler,923,2671
GA,13069,Coffee,3769,9176
GA,13073,Columbia,15284,39504
GA,13103,Effingham,1717,6805
GA,13107,Emanuel,2123,5369
GA,13109,Evans,955,2437
GA,13161,Jeff Davis,829,3845
GA,13165,Jenkins,1001,1910
GA,13175,Laurens,6057,12573
GA,13209,Montgomery,731,2623
GA,13245,Richmond,45023,28161
GA,13251,Screven,2044,3426
GA,13267,Tattnall,1442,5052
GA,13279,Toombs,2091,6589
GA,13283,Treutlen,706,1759
GA,13309,Wheeler,568,1372
IA,19005,Allamakee,2573,4067
IA,19011,Benton,5001,8394
IA,19013,Black Hawk,31948,30853
IA,19017,Bremer,5301,7943
IA,19019,Buchanan,4250,5739
IA,19043,Clayton,3504,5393
IA,19055,Delaware,3062,6010
IA,19061,Dubuque,22025,26515
IA,19065,Fayette,3910,5854
IA,19089,Howard,1845,2532
IA,19095,Iowa,3172,5412
IA,19097,Jackson,4158,5493
IA,19105,Jones,3959,5941
IA,19113,Linn,58744,55383
IA,19127,Marshall,7558,9587
IA,19131,Mitchell,1864,3357
IA,19157,Poweshiek,4322,5069
IA,19171,Tama,3489,5058
IA,19191,Winneshiek,5168,5793
IA,19195,Worth,1550,2510
SC,45025,Chesterfield,6808,9143
SC,45031,Darlington,14236,14665
SC,45033,Dillon,5074,5851
SC,45041,Florence,25796,30727
SC,45043,Georgetown,12701,18198
SC,45051,Horry,38044,89962
SC,45067,Marion,7983,5632
SC,45069,Marlboro,5725,4270
RI,44001,BRISTOL,14047,9422
RI,44005,NEWPORT,22666,15160
RI,44007,PROVIDENCE,148504,71224
FL,12031,Duval,179519,234687
FL,12089,Nassau,8755,35663
FL,12109,St. Johns,36053,94246
OR,41007,Clatsop,11165,7156
OR,41009,Columbia,12348,11711
OR,41051,Multnomah,280938,6486
OR,41067,Washington,154293,92442
OR,41071,Yamhill,21298,23062
NC,37013,Beaufort,7486,15979
NC,37029,Camden,1183,3676
NC,37031,Carteret,8287,28820
NC,37041,Chowan,2757,4261
NC,37049,Craven,15511,30523
NC,37053,Currituck,2664,9534
NC,37055,Dare,6416,12682
NC,37079,Greene,3173,4797
NC,37095,Hyde,773,1495
NC,37103,Jones,1803,3246
NC,37107,Lenoir,11498,14822
NC,37133,Onslow,15914,39311
NC,37137,Pamlico,2133,4625
NC,37139,Pasquotank,8187,8747
NC,37143,Perquimans,2115,4395
NC,37147,Pitt,37755,39727
NC,37177,Tyrrell,590,1104
IN,18021,Clay,2572,7859
IN,18025,Crawford,1813,2345
IN,18027,Daviess,1698,8528
IN,18037,Dubois,5212,12915
IN,18051,Gibson,3914,10747
IN,18055,Greene,3340,9367
IN,18083,Knox,4002,10156
IN,18101,Martin,1061,3376
IN,18119,Owen,2038,5612
IN,18121,Parke,1569,4613
IN,18123,Perry,3189,4309
IN,18125,Pike,1630,3944
IN,18129,Posey,3490,8346
IN,18147,Spencer,3004,6427
IN,18153,Sullivan,3092,4894
IN,18163,Vanderburgh,25796,42250
IN,18165,Vermillion,2530,3826
IN,18167,Vigo,16454,20613
IN,18173,Warrick,8575,19523
FL,12057,Hillsborough,307172,264453
LA,22009,Avoyelles,0,13030
LA,22021,Caldwell,0,4185
LA,22025,Catahoula,0,3995
LA,22029,Concordia,0,6325
LA,22035,East Carroll,0,1987
LA,22037,East Feliciana,1083,6679
LA,22041,Franklin,0,8429
LA,22043,Grant,0,7771
LA,22049,Jackson,0,6327
LA,22059,LaSalle,0,5909
LA,22061,Lincoln,0,15243
LA,22065,Madison,0,3226
LA,22067,Morehouse,0,8793
LA,22073,Ouachita,0,54714
LA,22079,Rapides,0,46040
LA,22083,Richland,0,8595
LA,22091,St. Helena,1782,2741
LA,22097,St. Landry,4882,26336
LA,22105,Tangipahoa,6985,33772
LA,22107,Tensas,0,1891
LA,22117,Washington,0,13743
LA,22123,West Carroll,0,4231
LA,22125,West Feliciana,0,4336
LA,22127,Winn,0,5225
NY,36059,Nassau,321251,278584
UT,49007,Carbon,2456,5352
UT,49015,Emery,537,3659
UT,49019,Grand,2210,2299
UT,49035,Salt Lake,198838,198293
UT,49037,San Juan,2117,3227
UT,49049,Utah,35797,161128
UT,49051,Wasatch,3453,8491
TX,48113,Dallas,268395,312581
TN,47001,Anderson,7810,18682
TN,47011,Bradley,8740,26483
TN,47013,Campbell,1824,8605
TN,47065,Hamilton,52052,82317
TN,47107,McMinn,3001,13690
TN,47123,Monroe,2975,12405
TN,47129,Morgan,980,4683
TN,47139,Polk,1450,4923
TN,47145,Roane,4066,14953
TN,47151,Scott,731,4795
TN,47173,Union,797,4341
FL,12021,Collier,50884,112940
FL,12051,Hendry,4332,6205
NC,37015,Bertie,6089,2848
NC,37063,Durham,117631,30977
NC,37065,Edgecombe,16708,7290
NC,37073,Gates,2587,2493
NC,37077,Granville,13239,12477
NC,37083,Halifax,16509,7907
NC,37091,Hertford,7074,2658
NC,37117,Martin,6391,4996
NC,37131,Northampton,6365,3128
NC,37181,Vance,12456,6447
NC,37185,Warren,6612,2872
NC,37187,Washington,3743,2151
CO,08015,Chaffee,4506,5790
CO,08041,El Paso,96903,191983
CO,08043,Fremont,5273,15000
CO,08119,Teller,3356,9621
MI,26001,Alcona,2163,3659
MI,26003,Alger,1883,2338
MI,26007,Alpena,6105,7729
MI,26009,Antrim,4539,8315
MI,26013,Baraga,1307,1926
MI,26019,Benzie,4281,5413
MI,26029,Charlevoix,5241,8621
MI,26031,Cheboygan,4889,7975
MI,26033,Chippewa,6259,8336
MI,26039,Crawford,2449,3895
MI,26041,Delta,7624,9752
MI,26043,Dickinson,4648,7636
MI,26047,Emmet,7002,10872
MI,26053,Gogebic,3388,3443
MI,26055,Grand Traverse,20186,28131
MI,26061,Houghton,6461,8215
MI,26071,Iron,2331,3178
MI,26079,Kalkaska,2763,5428
MI,26083,Keweenaw,536,799
MI,26089,Leelanau,6592,7545
MI,26095,Luce,837,1573
MI,26097,Mackinac,2367,3433
MI,26101,Manistee,5378,6355
MI,26103,Marquette,16779,14074
MI,26105,Mason,4853,8875
MI,26109,Menominee,4024,5787
MI,26119,Montmorency,1664,2963
MI,26131,Ontonagon,1421,1800
MI,26135,Oscoda,1300,2466
MI,26137,Otsego,3937,7771
MI,26141,Presque Isle,2848,3930
MI,26153,Schoolcraft,1690,2161
CA,06007,Butte,46244,48412
CA,06093,Siskiyou,7877,12337
CA,06035,Lassen,2462,7946
CA,06061,Placer,67270,111714
CA,06021,Glenn,3084,6328
CA,06049,Modoc,1000,2796
CA,06057,Nevada,27952,26152
CA,06091,Sierra,645,1142
CA,06089,Shasta,26911,52168
CA,06103,Tehama,7970,15709
CA,06063,Plumas,3623,5938
SC,45003,Aiken,23627,47382
SC,45011,Barnwell,4131,4762
SC,45063,Lexington,31493,80711
SC,45075,Orangeburg,26661,10850
SC,45079,Richland,102867,57968
TX,48009,Archer,0,3808
TX,48011,Armstrong,0,873
TX,48023,Baylor,0,1288
TX,48045,Briscoe,0,632
TX,48065,Carson,0,2585
TX,48075,Childress,0,1817
TX,48077,Clay,0,4435
TX,48087,Collingsworth,0,1027
TX,48097,Cooke,0,13380
TX,48101,Cottle,0,485
TX,48111,Dallam,0,1337
TX,48117,Deaf Smith,0,3263
TX,48125,Dickens,0,773
TX,48129,Donley,0,1266
TX,48153,Floyd,0,1596
TX,48155,Foard,0,393
TX,48179,Gray,0,6209
TX,48191,Hall,0,511
TX,48195,Hansford,0,1734
TX,48197,Hardeman,0,1258
TX,48205,Hartley,0,1778
TX,48211,Hemphill,0,1487
TX,48233,Hutchinson,0,7147
TX,48237,Jack,0,2980
TX,48269,King,0,131
TX,48275,Knox,0,1124
TX,48295,Lipscomb,0,1195
TX,48337,Montague,0,7519
TX,48341,Moore,0,4228
TX,48345,Motley,0,557
TX,48357,Ochiltree,0,2653
TX,48359,Oldham,0,871
TX,48375,Potter,0,21576
TX,48381,Randall,0,46224
TX,48393,Roberts,0,494
TX,48421,Sherman,0,821
TX,48437,Swisher,0,1767
TX,48483,Wheeler,0,2042
TX,48485,Wichita,0,30223
TX,48487,Wilbarger,0,3352
TX,48497,Wise,1287,20786
TX,48139,Ellis,14749,46324
TX,48349,Navarro,3691,11934
TX,48439,Tarrant,258780,382163
FL,12097,Osceola,85582,49595
FL,12105,Polk,115365,152164
NY,36029,Erie,245671,158655
NY,36063,Niagara,37279,47335
TX,48367,Parker,6924,47564
KY,21015,Boone,13420,42986
KY,21019,Boyd,5726,9839
KY,21023,Bracken,775,2641
KY,21037,Campbell,13283,28234
KY,21041,Carroll,1227,2439
KY,21077,Gallatin,847,2386
KY,21081,Grant,1907,7466
KY,21089,Greenup,5014,10633
KY,21097,Harrison,2162,5331
KY,21103,Henry,1962,4932
KY,21111,Jefferson,216023,130991
KY,21117,Kenton,22179,48340
KY,21135,Lewis,887,4161
KY,21161,Mason,1877,5091
KY,21185,Oldham,9129,23067
KY,21187,Owen,1174,3599
KY,21191,Pendleton,1262,4455
KY,21211,Shelby,5930,13907
KY,21215,Spencer,1552,5108
KY,21223,Trimble,1051,2515
NC,37017,Bladen,6827,7885
NC,37019,Brunswick,22049,44200
NC,37047,Columbus,8628,14110
NC,37061,Duplin,8294,11668
NC,37129,New Hanover,48474,59302
NC,37141,Pender,9158,17814
NC,37163,Sampson,9874,14907
NC,37191,Wayne,20633,27739
TX,48001,Anderson,0,13374
TX,48073,Cherokee,0,13026
TX,48213,Henderson,0,23958
TX,48257,Kaufman,0,30260
TX,48467,Van Zandt,0,18435
TX,48499,Wood,976,15835
WI,55021,Columbia,13779,13081
WI,55039,Fond du Lac,16741,30802
WI,55047,Green Lake,2599,5960
WI,55071,Manitowoc,13210,22223
WI,55077,Marquette,2790,4096
WI,55089,Ozaukee,16793,34127
WI,55117,Sheboygan,21918,33767
WI,55137,Waushara,3624,7114
WI,55139,Winnebago,34537,43952
CA,06101,Sutter,15993,16702
CA,06113,Yolo,56842,22708
CA,06095,Solano,109372,51568
CA,06067,Sacramento,328077,208525
CA,06033,Lake,14666,8510
CA,06115,Yuba,9736,11936
CA,06011,Colusa,3126,3352
WA,53009,Clallam,21557,17236
WA,53027,Grays Harbor,16025,12315
WA,53031,Jefferson,14110,5972
WA,53035,Kitsap,74099,47489
WA,53045,Mason,14938,12901
WA,53053,Pierce,186873,156831
TX,48201,Harris,615045,593266
UT,49023,Juab,852,3102
UT,49039,Sanpete,1467,7950
TX,48039,Brazoria,40856,78096
TX,48167,Galveston,42344,78766
TX,48245,Jefferson,42032,43948
VA,51001,Accomack,5660,9492
VA,51095,James City,15623,25548
VA,51131,Northampton,2741,3240
VA,51199,York,10802,22341
VA,51650,Hampton,39951,18178
VA,51710,Norfolk,55121,25140
VA,51735,Poquoson,1249,5700
VA,51810,Virginia Beach,72110,119362
VA,51830,Williamsburg,4700,2702
OH,39099,Mahoning,70481,40947
PA,42025,Carbon,10939,16828
PA,42069,Lackawanna,61646,37774
PA,42079,Luzerne,58232,73301
PA,42089,Monroe,33006,31649
PA,42095,Northampton,60430,73748
PA,42107,Schuylkill,23262,38280
ME,23005,CUMBERLAND,107990,65059
ME,23013,KNOX,14441,8794
ME,23015,LINCOLN,11293,10226
ME,23023,SAGADAHOC,11337,10427
ME,23031,YORK,61301,51722
TX,48007,Aransas,2533,7849
TX,48021,Bastrop,10258,16625
TX,48055,Caldwell,5237,6467
TX,48057,Calhoun,2140,4613
TX,48177,Gonzales,1532,4577
TX,48239,Jackson,884,4220
TX,48285,La Vaca,1197,7270
TX,48321,Matagorda,3595,8187
TX,48355,Nueces,51223,51993
TX,48391,Refugio,1037,1788
TX,48409,San Patricio,8172,13116
TX,48469,Victoria,8995,21451
TX,48481,Wharton,4181,10204
IL,17003,Alexander,1139,1412
IL,17055,Franklin,5605,11759
IL,17077,Jackson,9558,12823
IL,17081,Jefferson,4388,11023
IL,17119,Madison,41818,51172
IL,17133,Monroe,5584,12717
IL,17145,Perry,2547,6983
IL,17153,Pulaski,1022,1524
IL,17157,Randolph,4375,9307
IL,17163,St. Clair,58719,54031
IL,17181,Union,2131,6019
IL,17199,Williamson,8061,21497
MI,26065,Ingham,72260,49545
MI,26093,Livingston,29804,68548
MI,26125,Oakland,316548,297270
NY,36005,Bronx,333209,22232
TN,47005,Benton,1483,4267
TN,47017,Carroll,1836,6981
TN,47033,Crockett,976,3583
TN,47045,Dyer,2185,9291
TN,47047,Fayette,4901,12835
TN,47053,Gibson,4049,12565
TN,47075,Haywood,3034,2915
TN,47079,Henry,2460,7212
TN,47095,Lake,459,1042
TN,47097,Lauderdale,2263,4548
TN,47113,Madison,11565,20703
TN,47131,Obion,2261,7982
TN,47167,Tipton,4473,16393
TN,47183,Weakley,2550,7915
CA,06019,Fresno,116827,156805
CA,06107,Tulare,37619,72703
SC,45005,Allendale,2683,678
SC,45009,Bamberg,4112,1856
SC,45017,Calhoun,3799,3386
SC,45027,Clarendon,8253,6361
SC,45049,Hampton,5453,2708
SC,45053,Jasper,5792,4552
SC,45085,Sumter,24184,18199
SC,45089,Williamsburg,10291,4025
MI,26163,Wayne,503571,203167
NH,33001,BELKNAP,13250,16926
NH,33003,CARROLL,12191,12697
NH,33009,GRAFTON,28048,18603
NH,33011,HILLSBOROUGH,93723,94759
NH,33013,MERRIMACK,40533,34664
NH,33015,ROCKINGHAM,75049,81146
NH,33017,STRAFFORD,33500,24714
WA,53067,Thurston,78567,49119
WI,55009,Brown,48739,76473
WI,55015,Calumet,8985,17307
WI,55029,Door,7430,9981
WI,55061,Kewaunee,3418,7232
WI,55075,Marinette,6199,13210
WI,55078,Menominee,830,346
WI,55083,Oconto,5769,13712
WI,55087,Outagamie,38024,54720
WI,55115,Shawano,6012,13286
WI,55135,Waupaca,8335,16945
FL,12071,Lee,110146,197634
CA,06075,San Francisco,308329,6702
CA,06001,Alameda,528653,90167
WA,53029,Island,24864,17901
WA,53055,San Juan,7769,2946
WA,53057,Skagit,30862,25095
WA,53061,Snohomish,206908,132783
WA,53073,Whatcom,65403,44050
OK,40017,Canadian,11628,42710
OK,40019,Carter,3987,13812
OK,40027,Cleveland,35263,68519
OK,40031,Comanche,9976,21271
OK,40033,Cotton,404,2096
OK,40049,Garvin,1858,8308
OK,40051,Grady,3741,17588
OK,40067,Jefferson,391,1882
OK,40085,Love,748,2908
OK,40087,McClain,2752,13400
OK,40099,Murray,1013,4317
OK,40109,Oklahoma,102839,152846
OK,40123,Pontotoc,3330,11000
OK,40137,Stephens,2917,14424
OK,40141,Tillman,555,2078
NC,37007,Anson,5726,4485
NC,37051,Cumberland,69656,52868
NC,37119,Mecklenburg,279110,177589
NC,37153,Richmond,8358,9720
NC,37155,Robeson,19578,17986
NC,37165,Scotland,7032,5857
NC,37179,Union,32522,69870
LA,22003,Allen,1659,6197
LA,22011,Beauregard,1901,11397
LA,22013,Bienville,2104,3949
LA,22015,Bossier,8455,36697
LA,22017,Caddo,38222,55141
LA,22027,Claiborne,1750,3794
LA,22031,DeSoto,3926,8399
LA,22039,Evangeline,2533,9788
LA,22069,Natchitoches,5287,9238
LA,22081,Red River,1304,2554
LA,22085,Sabine,1188,7646
LA,22111,Union,2040,7020
LA,22115,Vernon,2083,12478
LA,22119,Webster,3380,13117
FL,12099,Palm Beach,373247,250604
MI,26005,Allegan,15681,37139
MI,26021,Berrien,24566,43906
MI,26027,Cass,6137,15379
MI,26077,Kalamazoo,56085,61857
MI,26149,St. Joseph,6559,15955
MI,26159,Van Buren,11326,19679
MN,27003,Anoka,72619,103029
MN,27053,Hennepin,378593,254005
MN,27123,Ramsey,160896,78593
CA,06025,Imperial,32556,14428
SC,45001,Abbeville,3487,6859
SC,45007,Anderson,18840,58221
SC,45037,Edgefield,4197,6931
SC,45045,Greenville,66828,139436
SC,45047,Greenwood,9625,18094
SC,45059,Laurens,7427,17965
SC,45065,McCormick,2198,2747
SC,45071,Newberry,6109,9511
SC,45073,Oconee,7153,24998
SC,45077,Pickens,9043,38226
SC,45081,Saluda,2567,5643
CA,06077,San Joaquin,119330,100202
FL,12081,Manatee,64632,110507
FL,12115,Sarasota,88485,129556
PA,42011,Berks,74137,99194
PA,42043,Dauphin,59322,66093
PA,42075,Lebanon,17281,41619
PA,42077,Lehigh,67153,84949
GA,13015,Bartow,8100,30341
GA,13057,Cherokee,22946,85342
GA,13067,Cobb,98677,152559
GA,13121,Fulton,225796,144908
CA,06081,San Mateo,239436,62800
MI,26011,Arenac,3338,3703
MI,26017,Bay,28561,20140
MI,26049,Genesee,121877,63742
MI,26069,Iosco,5843,6335
MI,26157,Tuscola,8056,15527
FL,12033,Escambia,58192,89209
FL,12059,Holmes,1176,6939
FL,12091,Okaloosa,27135,71684
FL,12113,Santa Rosa,20396,65144
FL,12131,Walton,7580,24679
OH,39003,Allen,12439,31752
OH,39011,Auglaize,3916,19114
OH,39021,Champaign,4387,13555
OH,39033,Crawford,5282,12765
OH,39043,Erie,20726,15830
OH,39091,Logan,4345,16835
OH,39101,Marion,7801,17024
OH,39107,Mercer,3171,17136
OH,39143,Sandusky,10256,15789
OH,39147,Seneca,7722,15214
OH,39149,Shelby,4000,19335
OH,39159,Union,6557,19343
NJ,34005,Burlington,91993,104178
NJ,34007,Camden,131882,72493
NJ,34015,Gloucester,62513,63194
LA,22005,Ascension,15119,34330
LA,22007,Assumption,4154,4649
LA,22033,East Baton Rouge,82659,98624
LA,22047,Iberville,10439,3444
LA,22057,Lafourche,6093,29279
LA,22063,Livingston,4736,47467
LA,22077,Pointe Coupee,2865,6994
LA,22089,St. Charles,14635,6262
LA,22095,St. John the Baptist,14401,3035
LA,22109,Terrebonne,7441,28603
LA,22121,West Baton Rouge,6806,4759
GA,13045,Carroll,12104,30538
GA,13077,Coweta,15567,44493
GA,13113,Fayette,15589,33242
GA,13145,Harris,3719,12301
GA,13149,Heard,741,3287
GA,13151,Henry,14875,13304
GA,13171,Lamar,2176,5150
GA,13199,Meriwether,3534,5234
GA,13215,Muscogee,40495,26690
GA,13231,Pike,1179,7213
GA,13255,Spalding,8681,15706
GA,13285,Troup,8799,16497
GA,13293,Upson,3206,7224
MO,29007,Audrain,2510,6823
MO,29011,Barton,752,4893
MO,29013,Bates,1740,5814
MO,29015,Benton,2056,6928
MO,29019,Boone,36517,39442
MO,29029,Camden,4499,16740
MO,29037,Cass,13198,34998
MO,29039,Cedar,953,4970
MO,29053,Cooper,1778,5721
MO,29057,Dade,612,3121
MO,29059,Dallas,1192,5804
MO,29083,Henry,2399,6927
MO,29085,Hickory,994,3434
MO,29089,Howard,1300,3131
MO,29101,Johnson,5584,14102
MO,29105,LaClede,2353,12908
MO,29135,Moniteau,1272,5161
MO,29141,Morgan,1748,6470
MO,29159,Pettis,4211,12636
MO,29169,Pulaski,2796,9820
MO,29175,Randolph,2440,7193
MO,29185,St. Clair,993,3438
MO,29217,Vernon,1676,6526
MO,29225,Webster,3188,12599
OH,39039,Defiance,4493,13080
OH,39051,Fulton,4871,15585
OH,39063,Hancock,7385,27181
OH,39065,Hardin,2657,8883
OH,39069,Henry,2791,10716
OH,39095,Lucas,110533,77827
OH,39123,Ottawa,9536,12350
OH,39125,Paulding,2115,6458
OH,39137,Putnam,2404,15943
OH,39161,Van Wert,2486,11029
OH,39171,Williams,3632,13252
OH,39173,Wood,21797,40120
OH,39175,Wyandot,1957,7898
NC,37057,Davidson,18114,54566
NC,37059,Davie,4674,16609
NC,37159,Rowan,19723,42364
MO,29047,Clay,42207,61564
MO,29095,Jackson,173247,116593
MO,29107,Lafayette,5744,9505
MO,29177,Ray,4394,5895
MO,29195,Saline,3824,4967
VA,51003,Albemarle,31326,22784
VA,51011,Appomattox,1863,5802
VA,51019,Bedford,9194,32422
VA,51025,Brunswick,4117,3280
VA,51029,Buckingham,2790,4146
VA,51031,Campbell,6479,20326
VA,51037,Charlotte,1992,3546
VA,51049,Cumberland,1833,2848
VA,51061,Fauquier,12482,24008
VA,51065,Fluvanna,5590,7760
VA,51067,Franklin,7451,19049
VA,51079,Greene,3023,6411
VA,51083,Halifax,6493,9981
VA,51089,Henry,7424,15021
VA,51111,Lunenburg,2017,3170
VA,51113,Madison,2219,4652
VA,51117,Mecklenburg,5736,8664
VA,51125,Nelson,3730,4414
VA,51143,Pittsylvania,8742,21272
VA,51147,Prince Edward,4368,4625
VA,51157,Rappahannock,1794,2602
VA,51540,Charlottesville,17404,4565
VA,51590,Danville,10682,7932
TX,48003,Andrews,0,4145
TX,48049,Brown,0,12084
TX,48059,Callahan,0,4897
TX,48081,Coke,0,1270
TX,48083,Coleman,0,3151
TX,48093,Comanche,0,4377
TX,48095,Concho,0,904
TX,48115,Dawson,0,2802
TX,48133,Eastland,0,6025
TX,48135,Ector,0,27242
TX,48143,Erath,986,11261
TX,48173,Glasscock,0,564
TX,48221,Hood,0,21564
TX,48235,Irion,0,686
TX,48267,Kimble,0,1721
TX,48299,Llano,0,8614
TX,48307,McCulloch,0,2629
TX,48317,Martin,0,1484
TX,48319,Mason,0,1696
TX,48327,Menard,0,727
TX,48329,Midland,0,39022
TX,48333,Mills,0,1971
TX,48335,Mitchell,0,1872
TX,48363,Palo Pinto,0,8294
TX,48399,Runnels,0,3322
TX,48411,San Saba,0,2041
TX,48429,Stephens,0,3019
TX,48431,Sterling,0,560
TX,48451,Tom Green,0,29913
PA,42015,Bradford,6159,19201
PA,42067,Juniata,1855,8266
PA,42081,Lycoming,13087,37297
PA,42087,Mifflin,3681,14180
PA,42097,Northumberland,10434,25333
PA,42099,Perry,4617,16122
PA,42103,Pike,8912,16369
PA,42109,Snyder,3843,12034
PA,42113,Sullivan,786,2276
PA,42115,Susquehanna,5054,13839
PA,42117,Tioga,3812,14241
PA,42119,Union,5992,11164
PA,42127,Wayne,6641,16679
MN,27001,Aitkin,4167,4862
MN,27017,Carlton,10311,7766
MN,27021,Cass,6287,9407
MN,27025,Chisago,13189,16150
MN,27031,Cook,2182,1159
MN,27035,Crow Wing,14482,20873
MN,27057,Hubbard,4718,6560
MN,27059,Isanti,8379,12020
MN,27061,Itasca,12019,11541
MN,27065,Kanabec,3435,4507
MN,27071,Koochiching,3245,3018
MN,27075,Lake,3714,2734
MN,27095,Mille Lacs,5536,7056
MN,27097,Morrison,6349,10811
MN,27115,Pine,6519,6991
MN,27137,St. Louis,68549,42889
MN,27159,Wadena,2475,4284
TX,48085,Collin,109420,220731
MI,26085,Lake,1740,2990
MI,26121,Muskegon,32819,38385
MI,26123,Newaygo,5357,15308
MI,26127,Oceana,3287,7768
MI,26139,Ottawa,34909,99410
WI,55003,Ashland,4757,3115
WI,55005,Barron,9121,12818
WI,55007,Bayfield,5473,3948
WI,55013,Burnett,3094,5312
WI,55017,Chippewa,4241,8291
WI,55019,Clark,4258,9018
WI,55031,Douglas,12349,9542
WI,55037,Florence,707,1787
WI,55041,Forest,1440,2819
WI,55051,Iron,1320,2012
WI,55053,Jackson,288,666
WI,55057,Juneau,923,1811
WI,55067,Langlade,3022,6844
WI,55069,Lincoln,5406,9040
WI,55073,Marathon,24284,43492
WI,55081,Monroe,706,1530
WI,55085,Oneida,7875,13039
WI,55095,Polk,7889,14003
WI,55099,Price,2849,4555
WI,55107,Rusk,2451,4362
WI,55109,St. Croix,16709,28998
WI,55113,Sawyer,3582,5299
WI,55119,Taylor,2442,6830
WI,55125,Vilas,4451,8849
WI,55129,Washburn,3558,5342
WI,55141,Wood,5448,10096
AR,05033,Crawford,0,17919
AR,05131,Sebastian,0,33890
AR,05015,Carroll,0,7477
AR,05115,Pope,0,18123
AR,05143,Washington,0,54884
AR,05009,Boone,0,13369
AR,05089,Marion,0,5601
AR,05007,Benton,0,73289
AR,05101,Newton,0,2863
GA,13089,DeKalb,238363,67098
MO,29009,Barry,3037,10921
MO,29043,Christian,9890,28849
MO,29077,Greene,45382,74876
MO,29097,Jasper,11681,33755
MO,29109,Lawrence,3813,11622
MO,29119,McDonald,1428,6271
MO,29145,Newton,5790,19497
MO,29167,Polk,2880,10170
MO,29209,Stone,3270,12384
MO,29213,Taney,4664,17569
PA,42091,Montgomery,115975,125525
PA,42101,Philadelphia,478241,61056
VA,51013,Arlington,83333,30063
VA,51059,Fairfax,158025,103982
VA,51510,Alexandria,52657,17921
VA,51610,Falls Church,5614,1689
AZ,04015,Mohave,18697,56207
AZ,04025,Yavapai,35081,71065
AZ,04017,Navajo,19160,16926
AZ,04007,Gila,7729,13619
AZ,04021,Pinal,49416,71491
AZ,04011,Greenlee,1454,1497
AZ,04013,Maricopa,532123,773672
AZ,04009,Graham,4315,6715
AZ,04019,Pima,142576,174425
AZ,04001,Apache,17906,7573
AZ,04005,Coconino,33918,18962
NJ,34013,Essex,188247,55902
NJ,34027,Morris,84079,139343
NJ,34031,Passaic,102558,59686
NJ,34037,Sussex,25030,44272
AZ,04003,Cochise,15718,33692
NC,37003,Alexander,4367,13498
NC,37005,Alleghany,1458,3812
NC,37009,Ashe,4100,9207
NC,37011,Avery,1820,6124
NC,37067,Forsyth,93519,81334
NC,37169,Stokes,5901,16197
NC,37171,Surry,8602,22941
NC,37189,Watauga,14837,14276
NC,37193,Wilkes,7918,22783
NC,37197,Yadkin,3852,13500
AL,01031,Coffee,5917,10877
AL,01109,Pike,5808,6047
AL,01069,Houston,15008,18575
AL,01013,Butler,4088,3918
AL,01067,Henry,3127,3464
AL,01005,Barbour,5297,4286
AL,01011,Bullock,3517,889
AL,01041,Crenshaw,2217,3287
AL,01001,Autauga,7544,14315
AL,01061,Geneva,3537,5556
AL,01101,Montgomery,39221,32114
AL,01035,Conecuh,3209,2889
AL,01051,Elmore,10573,20519
AL,01045,Dale,6071,8988
AL,01039,Covington,3759,9540
TX,48027,Bell,33835,55800
TX,48035,Bosque,1296,6213
TX,48053,Burnet,3697,14772
TX,48099,Coryell,4942,12406
TX,48193,Hamilton,475,2960
TX,48209,Hays,31267,35497
TX,48217,Hill,2490,9929
TX,48251,Johnson,10575,44495
TX,48281,Lampasas,1436,6410
TX,48425,Somervell,518,3170
TX,48453,Travis,279802,149963
GA,13003,Atkinson,638,1718
GA,13017,Ben Hill,1890,3807
GA,13019,Berrien,999,5372
GA,13021,Bibb,36383,24160
GA,13023,Bleckley,1014,3829
GA,13027,Brooks,2318,3705
GA,13071,Colquitt,2964,10122
GA,13075,Cook,1556,4288
GA,13091,Dodge,1627,4997
GA,13153,Houston,20886,37646
GA,13155,Irwin,816,2729
GA,13169,Jones,3718,8440
GA,13173,Lanier,735,1950
GA,13185,Lowndes,13868,21350
GA,13207,Monroe,3216,9097
GA,13235,Pulaski,917,2492
GA,13271,Telfair,1214,2304
GA,13275,Thomas,6544,11532
GA,13277,Tift,3456,10348
GA,13287,Turner,1029,2279
GA,13289,Twiggs,1800,2002
GA,13315,Wilcox,719,2114
GA,13319,Wilkinson,1687,2311
GA,13321,Worth,1895,6129
MO,29189,St. Louis County,263722,223472
MO,29510,St. Louis City,98674,22953
MT,30001,Beaverhead,1424,3417
MT,30003,Big Horn,2393,1851
MT,30005,Blaine,1476,1241
MT,30007,Broadwater,710,2393
MT,30009,Carbon,2156,3758
MT,30011,Carter,89,677
MT,30013,Cascade,14833,19546
MT,30015,Chouteau,911,1681
MT,30017,Custer,1612,3535
MT,30019,Daniels,200,633
MT,30021,Dawson,1098,3149
MT,30023,Deer Lodge,2537,1627
MT,30025,Fallon,227,1219
MT,30027,Fergus,1559,4230
MT,30029,Flathead,15029,30768
MT,30031,Gallatin,26777,25972
MT,30033,Garfield,56,651
MT,30035,Glacier,3544,1613
MT,30037,Golden Valley,96,373
MT,30039,Granite,575,1188
MT,30041,Hill,2968,3422
MT,30043,Jefferson,2329,4342
MT,30045,Judith Basin,324,875
MT,30047,Lake,5613,7328
MT,30049,Lewis and Clark,15765,18653
MT,30051,Liberty,238,713
MT,30053,Lincoln,2445,6531
MT,30055,McCone,200,838
MT,30057,Madison,1437,3270
MT,30059,Meagher,226,742
MT,30061,Mineral,666,1288
MT,30063,Missoula,34912,23941
MT,30065,Musselshell,456,1892
MT,30067,Park,4167,4969
MT,30069,Petroleum,48,272
MT,30071,Phillips,493,1767
MT,30073,Pondera,955,1774
MT,30075,Powder River,162,861
MT,30077,Powell,784,1953
MT,30079,Prairie,141,522
MT,30081,Ravalli,7181,14980
MT,30083,Richland,896,3772
MT,30085,Roosevelt,1947,1685
MT,30087,Rosebud,1250,2223
MT,30089,Sanders,1623,4079
MT,30091,Sheridan,536,1260
MT,30093,Silver Bow,10126,6235
MT,30095,Stillwater,1200,3558
MT,30097,Sweet Grass,505,1587
MT,30099,Teton,1046,2172
MT,30101,Toole,493,1511
MT,30103,Treasure,96,346
MT,30105,Valley,1116,2701
MT,30107,Wheatland,242,689
MT,30109,Wibaux,105,408
MT,30111,Yellowstone,25926,42677
CA,06039,Madera,15661,26385
CA,06017,El Dorado,35067,57068
CA,06003,Alpine,329,262
CA,06005,Amador,5914,11583
CA,06009,Calaveras,8037,14667
CA,06043,Mariposa,3147,5681
CA,06109,Tuolumne,9395,15737
NY,36119,Westchester,153572,14939
NV,32003,Clark,385105,294766
NV,32009,Esmeralda,62,328
NV,32017,Lincoln,261,1676
NV,32019,Lyon,5617,15816
NV,32021,Mineral,579,1115
NV,32023,Nye,4839,11985
NV,32033,White Pine,718,2587
CA,06083,Santa Barbara,98887,74423
CA,06111,Ventura,192331,141329
CA,06079,San Luis Obispo,64718,68710
TN,47009,Blount,9329,40490
TN,47025,Claiborne,1485,8309
TN,47057,Grainger,955,6325
TN,47089,Jefferson,2997,14736
TN,47093,Knox,49828,125664
TN,47105,Loudon,3923,18694
TX,48013,Atascosa,6206,6986
TX,48029,Bexar,319380,177161
TX,48215,Hidalgo,117372,41659
TX,48283,La Salle,1142,699
TX,48311,McMullen,120,352
TX,48427,Starr,8866,1326
TX,48479,Webb,49241,6313
TX,48493,Wilson,6146,12394
TX,48505,Zapata,2497,494
AR,05149,Yell,0,4899
AR,05081,Little River,0,3623
AR,05047,Franklin,0,4846
AR,05139,Union,0,10305
AR,05103,Ouachita,0,5955
AR,05133,Sevier,0,3463
AR,05011,Bradley,0,2441
AR,05127,Scott,0,2775
AR,05073,Lafayette,0,1875
AR,05091,Miller,0,11344
AR,05019,Clark,0,5207
AR,05051,Garland,0,29596
AR,05109,Pike,0,3151
AR,05057,Hempstead,0,4720
AR,05053,Grant,0,5786
AR,05099,Nevada,0,2036
AR,05087,Madison,0,4853
AR,05071,Johnson,0,6286
AR,05003,Ashley,0,5568
AR,05025,Cleveland,0,2597
AR,05013,Calhoun,0,1583
AR,05027,Columbia,0,5634
AR,05097,Montgomery,0,2693
AR,05043,Drew,0,4226
AR,05039,Dallas,0,1668
AR,05061,Howard,0,3312
AR,05059,Hot Spring,0,8474
AR,05083,Logan,0,5997
AR,05113,Polk,0,6440
IA,19001,Adair,951,2563
IA,19003,Adams,476,1448
IA,19029,Cass,1570,4875
IA,19049,Dallas,12663,22491
IA,19071,Fremont,714,2477
IA,19077,Guthrie,1473,3751
IA,19121,Madison,2281,5653
IA,19129,Mills,1751,5050
IA,19137,Montgomery,1069,3553
IA,19145,Page,1471,5069
IA,19153,Polk,105062,104791
IA,19155,Pottawattamie,13062,23975
IA,19159,Ringgold,653,1820
IA,19173,Taylor,612,2101
IA,19175,Union,1723,3588
IA,19181,Warren,9471,15393
KY,21005,Anderson,2877,8471
KY,21011,Bath,1397,3087
KY,21017,Bourbon,2682,6033
KY,21049,Clark,4684,11385
KY,21065,Estill,1125,4341
KY,21067,Fayette,66800,69184
KY,21069,Fleming,1468,4658
KY,21073,Franklin,10737,12984
KY,21113,Jessamine,4551,11567
KY,21151,Madison,11912,25178
KY,21165,Menifee,756,1926
KY,21173,Montgomery,3214,8056
KY,21181,Nicholas,772,2033
KY,21197,Powell,1349,3486
KY,21201,Robertson,261,724
KY,21209,Scott,7557,16472
KY,21237,Wolfe,792,1758
KY,21239,Woodford,4873,8650
MO,29027,Callaway,4507,13591
MO,29051,Cole,9368,26481
MO,29071,Franklin,12279,34308
MO,29073,Gasconade,1344,5770
MO,29099,Jefferson,34030,63490
MO,29113,Lincoln,6429,16826
MO,29125,Maries,825,3490
MO,29131,Miller,1641,9228
MO,29139,Montgomery,1078,4080
MO,29151,Osage,889,5956
MO,29183,St. Charles,63301,121936
MO,29219,Warren,3847,10884
NJ,34003,Bergen,219270,145915
NJ,34017,Hudson,128909,33276
PA,42029,Chester,120661,145030
MD,24001,Allegany,9767,18444
MD,24021,Frederick,53664,61443
MD,24023,Garrett,2943,10199
MD,24043,Washington,25942,35962
MA,25005,BRISTOL,152422,77675
MA,25017,MIDDLESEX,179491,70691
MA,25021,NORFOLK,240733,96002
MA,25023,PLYMOUTH,152431,89085
MA,25027,WORCESTER,67863,26010
ND,38001,Adams,151,1003
ND,38003,Barnes,1538,3401
ND,38005,Benson,857,1053
ND,38007,Billings,68,505
ND,38009,Bottineau,578,2672
ND,38011,Bowman,177,1502
ND,38013,Burke,90,910
ND,38015,Burleigh,9863,34413
ND,38017,Cass,25133,45714
ND,38019,Cavalier,367,1528
ND,38021,Dickey,495,1801
ND,38023,Divide,203,935
ND,38025,Dunn,375,1757
ND,38027,Eddy,308,826
ND,38029,Emmons,179,1692
ND,38031,Foster,263,1339
ND,38033,Golden Valley,96,811
ND,38035,Grand Forks,8779,18671
ND,38037,Grant,153,1189
ND,38039,Griggs,283,916
ND,38041,Hettinger,115,1089
ND,38043,Kidder,152,1164
ND,38045,LaMoure,467,1578
ND,38047,Logan,102,929
ND,38049,McHenry,431,2217
ND,38051,McIntosh,205,1180
ND,38053,McKenzie,752,3610
ND,38055,McLean,1048,3973
ND,38057,Mercer,632,3806
ND,38059,Morton,2822,11741
ND,38061,Mountrail,1334,2570
ND,38063,Nelson,437,1161
ND,38065,Oliver,121,852
ND,38067,Pembina,575,2390
ND,38069,Pierce,318,1649
ND,38071,Ramsey,1222,3696
ND,38073,Ransom,769,1405
ND,38075,Renville,147,1062
ND,38077,Richland,1879,4948
ND,38079,Rolette,2487,1195
ND,38081,Sargent,643,1183
ND,38083,Sheridan,77,679
ND,38085,Sioux,973,243
ND,38087,Slope,41,362
ND,38089,Stark,1453,9921
ND,38091,Steele,282,652
ND,38093,Stutsman,2174,7001
ND,38095,Towner,249,828
ND,38097,Traill,1018,2567
ND,38099,Walsh,840,3469
ND,38101,Ward,4772,20267
ND,38103,Wells,317,1940
ND,38105,Williams,1567,10015
TN,47021,Cheatham,4918,10310
TN,47037,Davidson,160553,83908
TN,47043,Dickson,6413,11346
CO,08065,Lake,1755,1187
CO,08033,Dolores,381,784
CO,08105,Rio Grande,2212,3140
CO,08021,Conejos,2031,1908
CO,08085,Montrose,5442,14466
CO,08109,Saguache,1669,1051
CO,08091,Ouray,1710,1465
CO,08103,Rio Blanco,487,2749
CO,08055,Huerfano,1575,1998
CO,08097,Pitkin,7493,2696
CO,08027,Custer,781,2132
CO,08077,Mesa,21167,51277
CO,08023,Costilla,1187,537
CO,08107,Routt,7350,5762
CO,08045,Garfield,12030,13186
CO,08083,Montezuma,4578,7511
CO,08081,Moffat,1114,5033
CO,08057,Jackson,195,616
CO,08029,Delta,4741,11265
CO,08111,San Juan,248,222
CO,08003,Alamosa,3452,3226
CO,08101,Pueblo,32430,41311
CO,08067,La Plata,15588,13769
CO,08113,San Miguel,2960,1158
CO,08051,Gunnison,5695,3277
CO,08079,Mineral,285,331
CO,08007,Archuleta,2525,4229
CO,08053,Hinsdale,216,350
NY,36055,Monroe,187804,151306
SC,45083,Spartanburg,34688,81732
FL,12005,Bay,19664,63115
FL,12013,Calhoun,1331,4423
FL,12023,Columbia,7761,18926
FL,12029,Dixie,1406,5199
FL,12037,Franklin,1787,3905
FL,12041,Gilchrist,1528,6354
FL,12045,Gulf,1718,5205
FL,12063,Jackson,6410,13630
FL,12065,Jefferson,4324,3190
FL,12067,Lafayette,587,2569
FL,12073,Leon,91335,54327
FL,12075,Levy,5057,12813
FL,12077,Liberty,797,2243
FL,12083,Marion,59995,102486
FL,12121,Suwannee,4109,13553
FL,12123,Taylor,2422,6391
FL,12129,Wakulla,4583,9942
FL,12133,Washington,2213,8403
MI,26099,Macomb,190633,191583
SD,46003,Aurora,492,929
SD,46005,Beadle,2340,4491
SD,46007,Bennett,419,721
SD,46009,Bon Homme,1046,1942
SD,46011,Brookings,5352,7418
SD,46013,Brown,6492,9676
SD,46015,Brule,713,1585
SD,46017,Buffalo,290,200
SD,46019,Butte,895,3407
SD,46021,Campbell,127,699
SD,46023,Charles Mix,1154,2288
SD,46025,Clark,584,1099
SD,46027,Clay,2644,2427
SD,46029,Codington,3928,7866
SD,46031,Corson,512,631
SD,46033,Custer,1288,3445
SD,46035,Davison,2759,5253
SD,46037,Day,1192,1580
SD,46039,Deuel,699,1401
SD,46041,Dewey,959,734
SD,46043,Douglas,277,1334
SD,46045,Edmunds,520,1394
SD,46047,Fall River,935,2595
SD,46049,Faulk,301,838
SD,46051,Grant,1133,2467
SD,46053,Gregory,572,1519
SD,46055,Haakon,109,926
SD,46057,Hamlin,730,2062
SD,46059,Hand,458,1381
SD,46061,Hanson,525,1444
SD,46063,Harding,77,679
SD,46065,Hughes,2670,5596
SD,46067,Hutchinson,829,2551
SD,46069,Hyde,176,518
SD,46071,Jackson,342,745
SD,46073,Jerauld,345,638
SD,46075,Jones,101,460
SD,46077,Kingsbury,889,1673
SD,46079,Lake,2654,4095
SD,46081,Lawrence,3774,8041
SD,46083,Lincoln,8581,16739
SD,46085,Lyman,487,948
SD,46087,McCook,844,1786
SD,46089,McPherson,241,940
SD,46091,Marshall,851,1120
SD,46093,Meade,2799,8756
SD,46095,Mellette,274,419
SD,46097,Miner,398,694
SD,46099,Minnehaha,33184,44809
SD,46101,Moody,1409,1545
SD,46102,Oglala Lakota,2362,514
SD,46103,Pennington,15502,31746
SD,46105,Perkins,258,1353
SD,46107,Potter,268,1076
SD,46109,Roberts,1727,2200
SD,46111,Sanborn,325,804
SD,46115,Spink,1102,1875
SD,46117,Stanley,433,1132
SD,46119,Sully,191,668
SD,46121,Todd,1528,580
SD,46123,Tripp,647,1976
SD,46125,Turner,1219,2959
SD,46127,Union,2077,5758
SD,46129,Walworth,567,1891
SD,46135,Yankton,3830,5763
SD,46137,Ziebach,404,364
NC,37023,Burke,11770,25917
NC,37027,Caldwell,8699,26359
NC,37039,Cherokee,3436,10224
NC,37043,Clay,1595,4185
NC,37075,Graham,928,3037
NC,37087,Haywood,11032,18917
NC,37089,Henderson,19437,37549
NC,37099,Jackson,8462,9868
NC,37111,McDowell,4945,14266
NC,37113,Macon,5604,11693
NC,37115,Madison,4305,6615
NC,37121,Mitchell,1641,6189
NC,37173,Swain,2604,3335
NC,37175,Transylvania,6678,10786
NC,37199,Yancey,3598,6164
OH,39049,Franklin,299714,242114
WA,53033,King,726366,228246
WV,54005,Boone,1968,5752
WV,54011,Cabell,7503,23851
WV,54019,Fayette,4962,8931
WV,54025,Greenbrier,6650,6766
WV,54043,Lincoln,1491,4868
WV,54045,Logan,1649,9161
WV,54047,McDowell,934,3674
WV,54053,Mason,1984,7374
WV,54055,Mercer,3227,11726
WV,54059,Mingo,1260,6955
WV,54063,Monroe,1461,2829
WV,54067,Nicholas,2427,6452
WV,54075,Pocahontas,1598,1730
WV,54081,Raleigh,6687,19308
WV,54089,Summers,1564,2582
WV,54099,Wayne,2492,11402
WV,54101,Webster,664,2022
WV,54109,Wyoming,1187,5358
PA,42003,Allegheny,311338,169947
PA,42007,Beaver,34109,48729
PA,42021,Cambria,21543,40932
PA,42073,Lawrence,2809,4822
PA,42111,Somerset,8066,27578
PA,42129,Westmoreland,22689,35892
TX,48025,Bee,3548,4621
TX,48061,Cameron,62035,28159
TX,48123,De Witt,1182,5449
TX,48175,Goliad,1080,2420
TX,48249,Jim Wells,6790,5059
TX,48261,Kenedy,102,65
TX,48273,Kleberg,4758,4463
TX,48489,Willacy,3412,1451
NH,33005,CHESHIRE,22145,15868
NH,33007,COOS,7385,6588
NH,33019,SULLIVAN,10627,10036
NY,36017,Chenango,6989,10170
NY,36023,Cortland,9101,8249
NY,36043,Herkimer,6683,13055
NY,36053,Madison,12074,13880
NY,36065,Oneida,32563,42591
NY,36107,Tioga,7048,13415
OR,41001,Baker,1524,7036
OR,41013,Crook,2030,9720
OR,41017,Deschutes,31539,63565
OR,41021,Gilliam,134,872
OR,41023,Grant,647,3555
OR,41025,Harney,668,3178
OR,41027,Hood River,5284,5289
OR,41029,Jackson,34895,69481
OR,41031,Jefferson,2223,6856
OR,41033,Josephine,12278,29821
OR,41035,Klamath,5431,24137
OR,41037,Lake,521,3292
OR,41045,Malheur,2038,8033
OR,41049,Morrow,753,3284
OR,41055,Sherman,133,854
OR,41059,Umatilla,5907,20746
OR,41061,Union,2474,10157
OR,41063,Wallowa,907,3325
OR,41065,Wasco,3565,8004
OR,41069,Wheeler,111,684
IN,18039,Elkhart,19881,43933
IN,18049,Fulton,2276,5820
IN,18085,Kosciusko,5600,24605
IN,18091,LaPorte,23331,12194
IN,18099,Marshall,5200,12235
IN,18103,Miami,3005,9660
IN,18131,Pulaski,1348,3859
IN,18141,St. Joseph,54495,52005
IN,18149,Starke,2828,5952
IN,18169,Wabash,2972,9821
IL,17015,Carroll,3988,3391
IL,17057,Fulton,9690,5899
IL,17071,Henderson,1796,1656
IL,17073,Henry,12924,11477
IL,17085,JoDaviess,5735,5360
IL,17095,Knox,12882,9486
IL,17131,Mercer,4587,3852
IL,17143,Peoria,37519,41827
IL,17161,Rock Island,39209,24053
IL,17177,Stephenson,10341,9602
IL,17179,Tazewell,22062,41964
IL,17187,Warren,4233,3514
IL,17195,Whiteside,14790,10456
IL,17201,Winnebago,21213,9083
OK,40125,Pottawatomie,6043,17829
OK,40133,Seminole,2380,5254
NY,36085,Staten Island,57008,111879
CO,08005,Arapahoe,137078,143285
CO,08035,Douglas,56231,117930
CO,08001,Adams,96779,80173
VA,51043,Clarke,2895,4988
VA,51069,Frederick,11677,27900
VA,51107,Loudoun,89523,89358
VA,51153,Prince William,52654,59131
VA,51683,Manassas,8045,6718
VA,51685,Manassas Park,3046,2036
VA,51840,Winchester,4970,5497
OH,39009,Athens,15267,11371
OH,39013,Belmont,9809,20453
OH,39019,Carroll,3377,9019
OH,39029,Columbiana,12596,32160
OH,39053,Gallia,2670,9368
OH,39059,Guernsey,4143,11644
OH,39067,Harrison,2019,4853
OH,39079,Jackson,3071,9248
OH,39081,Jefferson,8995,18225
OH,39087,Lawrence,7279,17971
OH,39105,Meigs,2424,7029
OH,39111,Monroe,2220,4301
OH,39119,Muskingum,8807,25031
OH,39121,Noble,1411,4304
OH,39145,Scioto,9838,19224
OH,39167,Washington,9797,19397
NE,31021,Burt,751,2648
NE,31023,Butler,573,3231
NE,31025,Cass,2993,9323
NE,31037,Colfax,737,2416
NE,31039,Cuming,527,3447
NE,31051,Dixon,26,64
NE,31053,Dodge,3488,11481
NE,31109,Lancaster,50659,81497
NE,31119,Madison,2728,11336
NE,31131,Otoe,1613,5649
NE,31141,Platte,2468,11389
NE,31143,Polk,349,2138
NE,31153,Sarpy,27916,49420
NE,31155,Saunders,2203,8287
NE,31159,Seward,1518,6253
NE,31167,Stanton,426,2341
NE,31173,Thurston,740,1262
NE,31177,Washington,2124,8264
MS,28023,Clarke,2154,5268
MS,28035,Forrest,10402,14943
MS,28039,George,996,8213
MS,28041,Greene,829,3801
MS,28045,Hancock,4000,11932
MS,28047,Harrison,21796,35463
MS,28059,Jackson,14392,30831
MS,28067,Jones,7124,19108
MS,28073,Lamar,4910,17753
MS,28091,Marion,3326,7758
MS,28109,Pearl River,3426,16613
MS,28111,Perry,1102,3762
MS,28131,Stone,1559,4848
MS,28153,Wayne,3138,5840
CA,06047,Merced,37554,32366
IL,17197,Will,128603,114234
NY,36071,Orange,80336,61944
NY,36079,Putnam,21923,22648
IA,19007,Appanoose,2590,3253
IA,19031,Cedar,4658,4549
IA,19039,Clarke,1925,2246
IA,19045,Clinton,12185,10214
IA,19051,Davis,1795,1959
IA,19053,Decatur,1577,1914
IA,19057,Des Moines,10190,8089
IA,19087,Henry,4141,4861
IA,19099,Jasper,8809,9455
IA,19101,Jefferson,4572,3194
IA,19103,Johnson,50691,23386
IA,19107,Keokuk,1945,2754
IA,19111,Lee,8543,7152
IA,19115,Louisa,2179,2639
IA,19117,Lucas,1585,2511
IA,19123,Mahaska,3384,6585
IA,19125,Marion,6611,10276
IA,19135,Monroe,1731,1898
IA,19139,Muscatine,9946,8780
IA,19163,Scott,44445,38997
IA,19177,Van Buren,1455,2001
IA,19179,Wapello,7574,6912
IA,19183,Washington,4905,5621
IA,19185,Wayne,1135,1687
MS,28001,Adams,6366,6236
MS,28005,Amite,2352,4249
MS,28031,Covington,2740,5503
MS,28037,Franklin,1190,2744
MS,28049,Hinds,66810,25251
MS,28061,Jasper,3782,4235
MS,28065,Jeff Davis,3028,2802
MS,28069,Kemper,2113,2204
MS,28075,Lauderdale,8517,19196
MS,28077,Lawrence,1834,4212
MS,28085,Lincoln,3897,10762
MS,28089,Madison,17687,30027
MS,28099,Neshoba,2149,7901
MS,28101,Newton,2199,6752
MS,28103,Noxubee,3292,1515
MS,28105,Oktibbeha,7413,9744
MS,28113,Pike,7123,8311
MS,28121,Rankin,11015,48160
MS,28123,Scott,3420,6570
MS,28127,Simpson,3269,7575
MS,28129,Smith,1405,5836
MS,28147,Walthall,2317,4093
MS,28157,Wilkinson,2334,1555
OK,40001,Adair,1156,5097
OK,40005,Atoka,905,3773
OK,40013,Bryan,2879,9807
OK,40021,Cherokee,5299,10187
OK,40023,Choctaw,1208,3756
OK,40029,Coal,538,1592
OK,40035,Craig,1122,4311
OK,40041,Delaware,3078,11646
OK,40061,Haskell,1044,3428
OK,40063,Hughes,1106,2889
OK,40069,Johnston,910,2713
OK,40077,Latimer,894,2880
OK,40079,LeFlore,3868,11743
OK,40089,McCurtain,2042,7654
OK,40091,McIntosh,2091,5341
OK,40095,Marshall,1173,3909
OK,40097,Mayes,3238,11536
OK,40101,Muskogee,7471,15318
OK,40105,Nowata,741,3266
OK,40107,Okfuskee,964,2681
OK,40111,Okmulgee,4094,9040
OK,40115,Ottawa,2764,6984
OK,40121,Pittsburg,3885,12164
OK,40127,Pushmataha,815,3261
OK,40131,Rogers,5718,24988
OK,40135,Sequoyah,3384,9875
IL,17091,Kankakee,20881,24750
CT,09003,HARTFORD,249132,131433
CT,09009,NEW HAVEN,240630,122020
CT,09001,FAIRFIELD,242436,159862
CT,09005,LITCHFIELD,47550,45809
IN,18005,Bartholomew,8605,21837
IN,18029,Dearborn,4629,17599
IN,18031,Decatur,1734,8888
IN,18035,Delaware,17389,24607
IN,18041,Fayette,2536,6378
IN,18047,Franklin,2023,8345
IN,18059,Hancock,7825,26323
IN,18065,Henry,5495,13163
IN,18077,Jefferson,4594,8122
IN,18079,Jennings,2658,7814
IN,18115,Ohio,727,2011
IN,18135,Randolph,2406,7408
IN,18137,Ripley,2396,9935
IN,18139,Rush,1376,5411
IN,18143,Scott,3671,4767
IN,18145,Shelby,3503,13626
IN,18155,Switzerland,1082,2353
IN,18161,Union,682,2446
IN,18177,Wayne,7832,16397
MS,28007,Attala,3642,3830
MS,28011,Bolivar,9492,3515
MS,28015,Carroll,2026,2949
MS,28021,Claiborne,3733,455
MS,28027,Coahoma,6524,1882
MS,28029,Copiah,7279,4925
MS,28043,Grenada,5133,4614
MS,28051,Holmes,6725,930
MS,28053,Humphreys,2900,765
MS,28055,Issaquena,421,227
MS,28063,Jefferson,3346,396
MS,28079,Leake,4041,3625
MS,28083,Leflore,7894,2688
MS,28097,Montgomery,2426,2201
MS,28107,Panola,7974,5968
MS,28119,Quitman,2379,770
MS,28125,Sharkey,1581,500
MS,28133,Sunflower,7052,2084
MS,28135,Tallahatchie,3744,1732
MS,28143,Tunica,2611,731
MS,28149,Warren,9780,8324
MS,28151,Washington,11781,4204
MS,28161,Yalobusha,2925,2791
MS,28163,Yazoo,5740,3633
MD,24009,Calvert,20942,23901
MD,24017,Charles,52222,22738
MD,24033,Prince George's,334622,32414
MD,24037,St. Mary's,22430,24630
FL,12069,Lake,58701,101902
MN,27019,Carver,17921,36219
PA,42045,Delaware,150468,139614
MS,28003,Alcorn,2337,11262
MS,28009,Benton,1397,2168
MS,28013,Calhoun,1534,4616
MS,28017,Chickasaw,2950,4441
MS,28019,Choctaw,930,2866
MS,28025,Clay,4777,4631
MS,28033,DeSoto,17972,42838
MS,28057,Itawamba,903,8374
MS,28071,Lafayette,6676,11466
MS,28081,Lee,7562,23897
MS,28087,Lowndes,10037,13853
MS,28093,Marshall,6514,6697
MS,28095,Monroe,4465,10586
MS,28115,Pontotoc,1790,10515
MS,28117,Prentiss,1633,7778
MS,28137,Tate,3404,7306
MS,28139,Tippah,1677,6973
MS,28141,Tishomingo,960,6841
MS,28145,Union,1636,9295
MS,28155,Webster,817,3995
MS,28159,Winston,3370,5107
FL,12009,Brevard,100858,192156
FL,12061,Indian River,23813,50249
FL,12001,Alachua,71025,51126
FL,12007,Bradford,3110,8411
FL,12019,Clay,26021,73786
FL,12107,Putnam,11685,18858
FL,12125,Union,1137,4347
CT,09007,MIDDLESEX,52948,31134
MO,29017,Bollinger,845,4532
MO,29023,Butler,3029,13325
MO,29031,Cape Girardeau,8084,26982
MO,29035,Carter,477,2187
MO,29055,Crawford,1849,7589
MO,29065,Dent,923,5687
MO,29067,Douglas,944,5313
MO,29069,Dunklin,2434,7406
MO,29091,Howell,2776,13665
MO,29093,Iron,1109,2896
MO,29123,Madison,1079,3684
MO,29133,Mississippi,1525,3345
MO,29143,New Madrid,2022,4876
MO,29149,Oregon,876,3447
MO,29153,Ozark,723,3487
MO,29155,Pemiscot,1945,3638
MO,29157,Perry,1468,6616
MO,29161,Phelps,4453,13288
MO,29179,Reynolds,587,2236
MO,29181,Ripley,903,4224
MO,29186,Ste. Genevieve,2790,4978
MO,29187,St. Francois,6933,16309
MO,29201,Scott,3857,12565
MO,29203,Shannon,816,2865
MO,29207,Stoddard,2059,10719
MO,29215,Texas,1696,8826
MO,29221,Washington,2424,6186
MO,29223,Wayne,1078,4297
MO,29229,Wright,1150,6594
MA,25009,ESSEX,62735,26076
FL,12101,Pasco,74832,159472
MA,25025,SUFFOLK,60124,13568
TX,48491,Williamson,74914,112841
NY,36037,Genesee,7016,17543
NY,36051,Livingston,9105,18685
NY,36069,Ontario,19022,29574
NY,36073,Orleans,3906,11028
NY,36121,Wyoming,3624,12983
NC,37135,Orange,59838,20576
MN,27009,Benton,6408,12765
MN,27141,Sherburne,13894,32432
MN,27171,Wright,20135,47180
CA,06055,Napa,46071,14187
CA,06097,Sonoma,165197,50045
PA,42023,Cameron,526,1620
PA,42027,Centre,33383,41437
PA,42031,Clarion,3168,8556
PA,42033,Clearfield,8653,25186
PA,42035,Clinton,4530,10579
PA,42039,Crawford,611,1428
PA,42047,Elk,4013,10231
PA,42049,Erie,21235,31384
PA,42053,Forest,640,1716
PA,42061,Huntingdon,4935,14378
PA,42065,Jefferson,4428,14792
PA,42083,McKean,3710,12280
PA,42105,Potter,1210,6459
PA,42121,Venango,6086,16930
PA,42123,Warren,5139,12709
MA,25003,BERKSHIRE,45739,0
MA,25011,FRANKLIN,5510,0
MA,25013,HAMPDEN,144014,0
MA,25015,HAMPSHIRE,23162,0
PA,42001,Adams,12814,33788
PA,42041,Cumberland,42188,78381
PA,42133,York,62969,141076
TX,48005,Angelina,7107,21890
TX,48183,Gregg,11197,29445
TX,48203,Harrison,6819,18880
TX,48347,Nacogdoches,6391,15127
TX,48365,Panola,1791,8354
TX,48401,Rusk,3657,14751
TX,48403,Sabine,606,3872
TX,48405,San Augustine,868,2521
TX,48419,Shelby,1697,7092
TX,48423,Smith,20948,60595
TX,48459,Upshur,790,13297
TX,48047,Brooks,1972,396
TX,48131,Duval,2985,774
TX,48187,Guadalupe,17013,36587
TX,48247,Jim Hogg,1678,248
TX,48255,Karnes,1275,2680
TX,48297,Live Oak,750,3314
OH,39041,Delaware,25328,74008
OH,39089,Licking,19817,57172
OH,39117,Morrow,2976,12202
TX,48071,Chambers,0,13756
TX,48199,Hardin,0,20151
TX,48241,Jasper,0,10841
TX,48291,Liberty,0,19462
TX,48351,Newton,0,4419
TX,48361,Orange,0,26412
TX,48373,Polk,0,15397
TX,48457,Tyler,0,6910
TX,48121,Denton,96159,187717
IL,17093,Kendall,23596,28841
AZ,04012,La Paz,1641,3901
AZ,04027,Yuma,5980,14633
RI,44003,KENT,44597,25294
RI,44009,WASHINGTON,33834,20224
CA,06029,Kern,81331,158953
CA,06031,Kings,9955,24033
VA,51009,Amherst,4436,10516
VA,51015,Augusta,8664,27194
VA,51017,Bath,522,1715
VA,51023,Botetourt,3836,13714
VA,51091,Highland,324,1053
VA,51139,Page,2498,7948
VA,51161,Roanoke,14963,34896
VA,51163,Rockbridge,3278,7193
VA,51165,Rockingham,9999,26847
VA,51171,Shenandoah,5028,14843
VA,51187,Warren,5075,12181
VA,51530,Buena Vista,620,1719
VA,51660,Harrisonburg,9935,7457
VA,51678,Lexington,1389,1019
VA,51680,Lynchburg,13203,21082
VA,51770,Roanoke City,19663,18260
VA,51790,Staunton,4955,6044
VA,51820,Waynesboro,3554,5453
NE,31055,Douglas,119230,110391
NC,37025,Cabarrus,33990,56315
NC,37093,Hoke,9540,7740
NC,37123,Montgomery,4280,6895
NC,37125,Moore,15341,31561
NC,37167,Stanly,7858,21188
TN,47003,Bedford,3923,9778
TN,47007,Bledsoe,1256,3095
TN,47051,Franklin,4670,10548
TN,47061,Grundy,1292,2876
TN,47103,Lincoln,2598,9700
TN,47115,Marion,3147,7258
TN,47117,Marshall,3744,6535
TN,47119,Maury,10516,21533
TN,47121,Meigs,1136,2682
TN,47127,Moore,670,2025
TN,47143,Rhea,2625,7205
TN,47149,Rutherford,41899,58131
TN,47153,Sequatchie,1349,3740
TN,47175,Van Buren,674,1480
TN,47177,Warren,4598,7225
PA,42009,Bedford,8811,14343
PA,42013,Blair,19888,33679
PA,42051,Fayette,18970,31772
PA,42055,Franklin,22461,45109
PA,42057,Fulton,1914,4756
PA,42059,Greene,2217,4776
PA,42063,Indiana,16320,19336
PA,42125,Washington,8110,10967
OH,39027,Clinton,3653,14274
OH,39045,Fairfield,20446,48873
OH,39047,Fayette,2342,8083
OH,39073,Hocking,3788,8321
OH,39097,Madison,3695,13210
OH,39115,Morgan,1584,4496
OH,39127,Perry,3660,9750
OH,39129,Pickaway,5485,18035
OH,39141,Ross,9367,18829
OH,39163,Vinton,1574,3556
CA,06099,Stanislaus,82428,89539
TX,48019,Bandera,1524,8118
TX,48031,Blanco,1118,4250
TX,48091,Comal,12621,46344
TX,48171,Gillespie,1909,10571
TX,48259,Kendall,2978,16004
TX,48265,Kerr,4023,17759
TX,48385,Real,187,1402
IL,17001,Adams,7718,23843
IL,17009,Brown,418,1849
IL,17017,Cass,1403,3612
IL,17067,Hancock,2092,6723
IL,17107,Logan,2527,9567
IL,17109,McDonough,4800,7944
IL,17113,McLean,30541,48799
IL,17123,Marshall,1449,4379
IL,17125,Mason,1734,4669
IL,17129,Menard,1341,5000
IL,17137,Morgan,3478,11101
IL,17149,Pike,1615,5661
IL,17167,Sangamon,32879,63426
IL,17169,Schuyler,959,2746
IL,17171,Scott,492,2051
IL,17175,Stark,417,1687
IL,17203,Woodford,4628,14980
ID,16005,Bannock,11671,19311
ID,16007,Bear Lake,322,2375
ID,16011,Bingham,3049,11578
ID,16013,Blaine,5640,4820
ID,16019,Bonneville,8699,30653
ID,16023,Butte,170,941
ID,16025,Camas,125,416
ID,16029,Caribou,354,2399
ID,16031,Cassia,1091,6135
ID,16033,Clark,38,212
ID,16037,Custer,413,1628
ID,16039,Elmore,1858,5842
ID,16041,Franklin,477,4590
ID,16043,Fremont,735,4351
ID,16047,Gooding,1000,3676
ID,16051,Jefferson,1249,8765
ID,16053,Jerome,1320,4710
ID,16059,Lemhi,716,2940
ID,16063,Lincoln,376,1221
ID,16065,Madison,1469,12473
ID,16067,Minidoka,1221,4785
ID,16071,Oneida,223,1653
ID,16077,Power,696,1885
ID,16081,Teton,2182,2605
ID,16083,Twin Falls,6295,20097
OR,41003,Benton,30287,14013
OR,41005,Clackamas,110163,61157
OR,41041,Lincoln,14571,8699
OR,41047,Marion,65374,61687
OR,41053,Polk,19026,18646
OR,41057,Tillamook,7170,5611
PA,42017,Bucks,156527,182120
LA,22051,Jefferson,76799,74643
LA,22071,Orleans,134862,13112
LA,22075,Plaquemines,2394,6784
LA,22087,St. Bernard,3771,9379
LA,22103,St. Tammany,19950,89078
KS,20001,Allen,1239,3864
KS,20003,Anderson,755,2440
KS,20005,Atchison,1614,4599
KS,20011,Bourbon,1147,4640
KS,20013,Brown,739,3110
KS,20021,Cherokee,1866,6256
KS,20031,Coffey,686,3115
KS,20037,Crawford,4582,9532
KS,20043,Doniphan,497,2642
KS,20045,Douglas,26214,18463
KS,20059,Franklin,3093,7170
KS,20085,Jackson,1497,4039
KS,20087,Jefferson,2264,5626
KS,20099,Labette,2103,5622
KS,20103,Leavenworth,8840,19302
KS,20107,Linn,761,3372
KS,20117,Marshall,474,3223
KS,20125,Montgomery,2511,8658
KS,20131,Nemaha,742,4179
KS,20133,Neosho,1272,4685
KS,20139,Osage,1632,5005
KS,20177,Shawnee,29324,42574
KS,20205,Wilson,513,2910
KS,20207,Woodson,245,1105
VA,51093,Isle of Wight,8249,12109
VA,51550,Chesapeake,50506,56097
VA,51620,Franklin City,2484,1351
VA,51700,Newport News,45828,25712
VA,51740,Portsmouth,29352,12578
VA,51800,Suffolk,22951,18903
WV,54001,Barbour,2011,3908
WV,54009,Brooke,2084,7190
WV,54017,Doddridge,518,2219
WV,54021,Gilmer,723,1712
WV,54023,Grant,679,3808
WV,54029,Hancock,3222,9078
WV,54033,Harrison,9679,17905
WV,54049,Marion,8909,13540
WV,54051,Marshall,2496,10404
WV,54057,Mineral,2391,8903
WV,54061,Monongalia,16219,19362
WV,54069,Ohio,3834,14223
WV,54073,Pleasants,744,2288
WV,54077,Preston,3941,7964
WV,54085,Ritchie,719,3067
WV,54091,Taylor,3406,3171
WV,54093,Tucker,1105,2245
WV,54095,Tyler,610,2888
WV,54103,Wetzel,1495,4531
WV,54107,Wood,8749,25063
FL,12015,Charlotte,31117,57440
FL,12027,DeSoto,3666,6409
FL,12043,Glades,1228,2828
FL,12049,Hardee,2152,4806
FL,12055,Highlands,13697,28599
FL,12093,Okeechobee,3624,8984
TN,47023,Chester,937,4920
TN,47039,Decatur,796,3252
TN,47055,Giles,2343,7352
TN,47069,Hardeman,2742,5016
TN,47071,Hardin,1432,7602
TN,47077,Henderson,1441,7782
TN,47081,Hickman,1556,5409
TN,47083,Houston,824,1985
TN,47085,Humphreys,1722,4646
TN,47099,Lawrence,2483,10787
TN,47101,Lewis,778,3162
TN,47109,McNairy,1709,7510
TN,47125,Montgomery,17288,34743
TN,47135,Perry,442,1912
TN,47161,Stewart,1104,3564
TN,47181,Wayne,536,4565
TN,47187,Williamson,23302,76015
KS,20007,Barber,175,1456
KS,20015,Butler,6179,19137
KS,20019,Chautauqua,174,1157
KS,20033,Comanche,88,695
KS,20035,Cowley,2876,7956
KS,20047,Edwards,154,1016
KS,20049,Elk,162,992
KS,20073,Greenwood,465,2058
KS,20077,Harper,301,1873
KS,20079,Harvey,4446,9233
KS,20095,Kingman,595,2374
KS,20097,Kiowa,80,865
KS,20145,Pawnee,18,1769
KS,20151,Pratt,602,2757
KS,20173,Sedgwick,63056,107433
KS,20185,Stafford,201,1488
KS,20191,Sumner,1923,6391
LA,22001,Acadia,2513,23254
LA,22019,Calcasieu,16380,59973
LA,22023,Cameron,158,3350
LA,22045,Iberia,7063,22592
LA,22053,Jeff Davis,1701,11786
LA,22055,Lafayette,17400,79822
LA,22099,St. Martin,3830,20169
LA,22101,St. Mary,4929,14358
LA,22113,Vermilion,2120,22080
CO,08031,Denver,225893,71651
AR,05029,Conway,2539,4985
AR,05141,Van Buren,1535,5243
AR,05145,White,4706,21404
AR,05125,Saline,11778,36960
AR,05045,Faulkner,13314,30575
AR,05119,Pulaski,76522,74291
AR,05105,Perry,953,3014
MA,25001,BARNSTABLE,74632,48126
MA,25007,DUKES,8247,2253
MA,25019,NANTUCKET,4045,1635
FL,12087,Monroe,15404,23216
FL,12003,Baker,2912,9350
FL,12039,Gadsden,16542,4996
FL,12047,Hamilton,2520,2726
FL,12079,Madison,4153,4054
TX,48041,Brazos,19386,43061
TX,48051,Burleson,1379,5385
TX,48145,Falls,1512,3539
TX,48161,Freestone,1357,5869
TX,48287,Lee,1225,4884
TX,48289,Leon,432,3308
TX,48293,Limestone,1693,5760
TX,48309,McLennan,24645,51904
TX,48331,Milam,1927,6351
TX,48395,Robertson,2000,4763
TX,48157,Fort Bend,126028,134179
OH,39061,Hamilton,179721,211062
OH,39165,Warren,30147,84402
IN,18001,Adams,2263,9912
IN,18003,Allen,40154,93673
IN,18009,Blackford,1293,3131
IN,18033,DeKalb,3080,12104
IN,18069,Huntington,2538,11913
IN,18075,Jay,1818,5407
IN,18087,LaGrange,1865,7022
IN,18113,Noble,3137,12288
IN,18151,Steuben,2830,10591
IN,18179,Wells,2157,10108
IN,18183,Whitley,2401,11970
PA,42037,Columbia,9251,18873
PA,42093,Montour,2871,5531
PA,42131,Wyoming,3980,9003
NY,36019,Clinton,13426,17072
NY,36031,Essex,6575,9286
NY,36033,Franklin,6646,9326
NY,36035,Fulton,4532,14742
NY,36041,Hamilton,725,2243
NY,36045,Jefferson,8794,26949
NY,36049,Lewis,2190,8385
NY,36089,Saint Lawrence,12585,23713
NY,36113,Warren,7831,19388
NY,36115,Washington,6242,15990
HI,15001,Hawaii,51047,11453
HI,15007,Kauai,20833,4297
HI,15009,Maui,41046,8713
IL,17037,DeKalb,6555,10301
VA,51005,Alleghany,1997,4988
VA,51021,Bland,501,2328
VA,51027,Buchanan,2379,6413
VA,51035,Carroll,2729,10164
VA,51045,Craig,504,2156
VA,51051,Dickenson,1928,4172
VA,51063,Floyd,2279,5316
VA,51071,Giles,1832,5923
VA,51077,Grayson,1540,5271
VA,51105,Lee,1973,6967
VA,51121,Montgomery,18948,21742
VA,51141,Patrick,1738,6342
VA,51155,Pulaski,4143,10221
VA,51167,Russell,2924,8722
VA,51169,Scott,2167,7591
VA,51173,Smyth,2993,9279
VA,51185,Tazewell,3702,13974
VA,51191,Washington,6049,18527
VA,51195,Wise,3403,11017
VA,51197,Wythe,2870,9539
VA,51520,Bristol,1985,4662
VA,51580,Covington,835,1384
VA,51640,Galax,712,1533
VA,51690,Martinsville,3019,2301
VA,51720,Norton,398,988
VA,51750,Radford,2641,3084
VA,51775,Salem,3424,8156
NV,32001,Churchill,1983,8033
NV,32005,Douglas,7361,18555
NV,32007,Elko,3168,13600
NV,32011,Eureka,85,699
NV,32013,Humboldt,1160,4719
NV,32015,Lander,376,1781
NV,32027,Pershing,393,1405
NV,32029,Storey,693,1653
NV,32031,Washoe,87262,104792
NV,32510,Carson City,8451,14594
OK,40003,Alfalfa,256,1998
OK,40007,Beaver,217,1998
OK,40009,Beckham,1054,6454
OK,40011,Blaine,690,3060
OK,40015,Caddo,2409,6909
OK,40025,Cimarron,84,978
OK,40037,Creek,6060,19230
OK,40039,Custer,1962,8548
OK,40043,Dewey,239,2005
OK,40045,Ellis,199,1625
OK,40047,Garfield,4404,17209
OK,40053,Grant,391,1799
OK,40055,Greer,355,1511
OK,40057,Harmon,203,748
OK,40059,Harper,142,1355
OK,40065,Jackson,1501,6190
OK,40071,Kay,3896,12605
OK,40073,Kingfisher,710,5393
OK,40075,Kiowa,687,2787
OK,40081,Lincoln,2739,11220
OK,40083,Logan,4304,14515
OK,40093,Major,364,2995
OK,40103,Noble,887,3906
OK,40113,Osage,6144,12612
OK,40117,Pawnee,1509,4740
OK,40119,Payne,8472,19184
OK,40129,Roger Mills,191,1554
OK,40139,Texas,916,4824
OK,40149,Washita,597,4006
OK,40151,Woods,502,3101
OK,40153,Woodward,926,6551
CO,08071,Las Animas,2734,3627
CO,08061,Kiowa,200,623
CO,08009,Baca,298,1701
CO,08089,Otero,2964,5227
CO,08039,Elbert,2719,11769
CO,08121,Washington,249,2297
CO,08115,Sedgwick,228,1037
CO,08025,Crowley,348,1074
CO,08123,Weld,41926,82410
CO,08125,Yuma,658,3946
CO,08073,Lincoln,382,1902
CO,08063,Kit Carson,493,2964
CO,08075,Logan,1692,7339
CO,08099,Prowers,1600,3232
CO,08017,Cheyenne,127,914
CO,08087,Morgan,2898,8397
CO,08095,Phillips,385,1816
CO,08011,Bent,627,1211
WI,55059,Kenosha,27346,43929
WI,55101,Racine,30995,57538
WI,55105,Rock,35304,36195
IN,18089,Lake,142738,0
IN,18127,Porter,49702,0
UT,49001,Beaver,320,2020
UT,49011,Davis,31905,97275
UT,49017,Garfield,386,1829
UT,49021,Iron,2731,13542
UT,49025,Kane,794,2507
UT,49027,Millard,455,4166
UT,49031,Piute,53,621
UT,49041,Sevier,824,7273
UT,49045,Tooele,5252,14632
UT,49053,Washington,10875,46382
UT,49055,Wayne,294,1046
GA,13007,Baker,777,627
GA,13037,Calhoun,1368,629
GA,13053,Chattahoochee,684,661
GA,13061,Clay,789,465
GA,13079,Crawford,1880,3146
GA,13081,Crisp,3523,3786
GA,13087,Decatur,4903,5120
GA,13093,Dooly,2172,1490
GA,13095,Dougherty,24012,9628
GA,13099,Early,2739,1905
GA,13131,Grady,4068,4937
GA,13177,Lee,4093,9949
GA,13193,Macon,2863,1225
GA,13197,Marion,1514,1583
GA,13201,Miller,912,1553
GA,13205,Mitchell,4240,3502
GA,13225,Peach,5456,5012
GA,13239,Quitman,569,404
GA,13243,Randolph,1898,925
GA,13249,Schley,601,1279
GA,13253,Seminole,1517,1959
GA,13259,Stewart,1455,529
GA,13261,Sumter,6292,4547
GA,13263,Talbot,2083,1029
GA,13269,Taylor,1610,1705
GA,13273,Terrell,2585,1547
GA,13307,Webster,580,515
PA,42071,Lancaster,88103,145243
KS,20009,Barton,0,6774
KS,20017,Chase,0,933
KS,20023,Cheyenne,0,1128
KS,20025,Clark,0,706
KS,20027,Clay,0,1909
KS,20029,Cloud,0,1459
KS,20039,Decatur,0,1084
KS,20041,Dickinson,0,5151
KS,20051,Ellis,0,7819
KS,20053,Ellsworth,0,1724
KS,20055,Finney,0,6531
KS,20057,Ford,0,4752
KS,20061,Geary,0,4274
KS,20063,Gove,0,1062
KS,20065,Graham,0,947
KS,20067,Grant,0,1846
KS,20069,Gray,0,1545
KS,20071,Greeley,0,525
KS,20075,Hamilton,0,669
KS,20081,Haskell,0,1000
KS,20083,Hodgeman,0,730
KS,20089,Jewell,0,1008
KS,20093,Kearny,0,991
KS,20101,Lane,0,657
KS,20105,Lincoln,0,895
KS,20109,Logan,0,1076
KS,20111,Lyon,0,7241
KS,20113,McPherson,0,8338
KS,20115,Marion,0,3960
KS,20119,Meade,0,1212
KS,20123,Mitchell,0,2092
KS,20127,Morris,0,1868
KS,20129,Morton,0,944
KS,20135,Ness,0,1154
KS,20137,Norton,0,1726
KS,20141,Osborne,0,1187
KS,20143,Ottawa,0,1555
KS,20147,Phillips,0,1964
KS,20149,Pottawatomie,0,7112
KS,20153,Rawlins,0,1207
KS,20155,Reno,0,14849
KS,20157,Republic,0,1285
KS,20159,Rice,0,2764
KS,20161,Riley,0,11562
KS,20163,Rooks,0,1752
KS,20165,Rush,0,1119
KS,20167,Russell,0,2086
KS,20169,Saline,0,11938
KS,20171,Scott,0,1760
KS,20175,Seward,0,3124
KS,20179,Sheridan,0,1072
KS,20181,Sherman,0,2011
KS,20183,Smith,0,1520
KS,20187,Stanton,0,500
KS,20189,Stevens,0,1541
KS,20193,Thomas,0,2787
KS,20195,Trego,0,1066
KS,20197,Wabaunsee,0,2387
KS,20199,Wallace,0,665
KS,20201,Washington,0,1685
KS,20203,Wichita,0,740
IL,17005,Bond,647,1401
IL,17013,Calhoun,781,1672
IL,17019,Champaign,37567,27759
IL,17021,Christian,2973,12306
IL,17039,DeWitt,1629,5779
IL,17061,Greene,1254,4110
IL,17083,Jersey,2842,7743
IL,17115,Macon,15827,31188
IL,17117,Macoupin,7332,14247
IL,17135,Montgomery,3665,8961
IL,17147,Piatt,2028,6918
UT,49003,Box Elder,2914,15300
UT,49005,Cache,10219,31574
UT,49009,Daggett,95,310
UT,49013,Duchesne,713,5755
UT,49029,Morgan,816,4037
UT,49033,Rich,130,932
UT,49043,Summit,10529,8562
UT,49047,Uintah,1397,10362
UT,49057,Weber,27861,49030
WI,55025,Dane,215374,79395
WI,55045,Green,9920,8141
WI,55049,Iowa,7176,4496
WI,55065,Lafayette,3616,3474
WI,55103,Richland,776,692
WI,55111,Sauk,15917,13530
IN,18097,Marion,206066,140208
WA,53003,Asotin,3445,6303
WA,53013,Columbia,556,1638
WA,53019,Ferry,1416,2217
WA,53023,Garfield,295,973
WA,53043,Lincoln,1496,4261
WA,53051,Pend Oreille,2449,4405
WA,53063,Spokane,96695,133752
WA,53065,Stevens,7409,15562
WA,53071,Walla Walla,8633,16785
WA,53075,Whitman,8181,9312
TX,48037,Bowie,0,26083
TX,48063,Camp,0,3330
TX,48067,Cass,0,9744
TX,48119,Delta,0,1875
TX,48147,Fannin,0,9577
TX,48159,Franklin,0,3647
TX,48181,Grayson,0,36662
TX,48223,Hopkins,0,10875
TX,48231,Hunt,0,24366
TX,48277,Lamar,0,14853
TX,48315,Marion,0,3002
TX,48343,Morris,0,3350
TX,48379,Rains,0,3952
TX,48387,Red River,0,3925
TX,48397,Rockwall,0,30866
TX,48449,Titus,0,6994
AL,01009,Blount,2390,20708
AL,01037,Coosa,1766,3337
AL,01117,Shelby,22396,77209
AL,01021,Chilton,2996,14723
AL,01007,Bibb,1971,6670
AL,01073,Jefferson,52190,122666
GA,13135,Gwinnett,139832,145760
GA,13217,Newton,19797,12611
GA,13247,Rockdale,23164,13648
OR,41011,Coos,14534,14870
OR,41015,Curry,5574,6227
OR,41019,Douglas,22424,28128
OR,41039,Lane,119691,59409
OR,41043,Linn,24933,29701
FL,12085,Martin,28474,53479
FL,12111,St. Lucie,66336,67229
OH,39057,Greene,21198,56889
OH,39113,Montgomery,86765,152564
GA,13063,Clayton,26941,4314
MO,29001,Adair,3072,6558
MO,29003,Andrew,2021,6748
MO,29005,Atchison,522,2065
MO,29021,Buchanan,11196,22604
MO,29025,Caldwell,863,3184
MO,29033,Carroll,681,3496
MO,29041,Chariton,894,2889
MO,29045,Clark,673,2413
MO,29049,Clinton,2620,6997
MO,29061,Daviess,740,2827
MO,29063,DeKalb,906,3458
MO,29075,Gentry,623,2297
MO,29079,Grundy,747,3531
MO,29081,Harrison,578,2940
MO,29087,Holt,331,1921
MO,29103,Knox,317,1425
MO,29111,Lewis,899,3270
MO,29115,Linn,1235,4102
MO,29117,Livingston,1112,4989
MO,29121,Macon,1573,5688
MO,29127,Marion,2915,9405
MO,29129,Mercer,197,1444
MO,29137,Monroe,899,2955
MO,29147,Nodaway,2246,6805
MO,29163,Pike,2051,4907
MO,29165,Platte,17016,29596
MO,29171,Putnam,315,1897
MO,29173,Ralls,1239,3745
MO,29197,Schuyler,331,1490
MO,29199,Scotland,333,1509
MO,29205,Shelby,649,2428
MO,29211,Sullivan,506,1897
MO,29227,Worth,206,780
MN,27013,Blue Earth,18177,14527
MN,27015,Brown,5376,8182
MN,27039,Dodge,4601,5823
MN,27043,Faribault,2884,4429
MN,27045,Fillmore,5628,5286
MN,27047,Freeborn,8386,7454
MN,27055,Houston,5438,4880
MN,27063,Jackson,2180,3248
MN,27079,Le Sueur,6522,8078
MN,27091,Martin,3641,6756
MN,27099,Mower,9998,7510
MN,27103,Nicollet,10110,7544
MN,27105,Nobles,3833,4570
MN,27109,Olmsted,41645,36337
MN,27133,Rock,1890,2866
MN,27147,Steele,8884,9771
MN,27161,Waseca,4489,5027
MN,27165,Watonwan,2417,2518
MN,27169,Winona,14362,10754
IN,18053,Grant,6660,17046
IN,18057,Hamilton,43423,102988
IN,18095,Madison,18037,32367
IN,18159,Tipton,1544,5476
WV,54003,Berkeley,12235,29117
WV,54007,Braxton,2285,2293
WV,54013,Calhoun,1079,1367
WV,54015,Clay,1454,1437
WV,54027,Hampshire,2017,6348
WV,54031,Hardy,1635,3708
WV,54035,Jackson,5285,6474
WV,54037,Jefferson,8359,15489
WV,54039,Kanawha,41128,32746
WV,54041,Lewis,2435,4279
WV,54065,Morgan,1866,5280
WV,54071,Pendleton,988,2018
WV,54079,Putnam,10337,14071
WV,54083,Randolph,4212,6003
WV,54087,Roane,2274,2747
WV,54097,Upshur,2724,6047
WV,54105,Wirt,894,1383
OH,39017,Butler,48176,108635
OH,39023,Clark,20578,35150
OH,39037,Darke,3874,19051
OH,39109,Miami,10375,38041
OH,39135,Preble,3802,14938
NJ,34041,Warren,17099,26830
LA,22093,St. James,10282,0
KY,21001,Adair,1373,6443
KY,21003,Allen,1311,6490
KY,21007,Ballard,987,3031
KY,21033,Caldwell,1442,4343
KY,21035,Calloway,4937,10785
KY,21039,Carlisle,550,2007
KY,21045,Casey,764,5463
KY,21047,Christian,7794,13557
KY,21053,Clinton,423,3788
KY,21055,Crittenden,730,3179
KY,21057,Cumberland,335,2567
KY,21075,Fulton,847,1444
KY,21083,Graves,3878,12079
KY,21101,Henderson,6873,12122
KY,21105,Hickman,543,1558
KY,21107,Hopkins,5126,14299
KY,21139,Livingston,1123,3364
KY,21141,Logan,3027,7389
KY,21143,Lyon,1113,2751
KY,21145,McCracken,9616,20810
KY,21149,McLean,1224,3168
KY,21155,Marion,2998,4517
KY,21157,Marshall,4579,11716
KY,21169,Metcalfe,865,3579
KY,21171,Monroe,316,4615
KY,21177,Muhlenberg,4406,7838
KY,21183,Ohio,2427,7548
KY,21207,Russell,1110,6677
KY,21213,Simpson,2162,5096
KY,21217,Taylor,2586,8246
KY,21219,Todd,1167,3350
KY,21221,Trigg,1735,4817
KY,21225,Union,1844,4063
KY,21229,Washington,52,159
KY,21233,Webster,1447,4101
GA,13117,Forsyth,14831,53884
FL,12017,Citrus,21681,51587
FL,12053,Hernando,31349,55509
FL,12119,Sumter,20283,51987
WA,53007,Chelan,10771,22411
WA,53017,Douglas,1944,12733
WA,53037,Kittitas,6657,12048
WA,53011,Clark,81385,117923
WA,53015,Cowlitz,16568,28932
WA,53039,Klickitat,3891,6678
WA,53041,Lewis,8824,25095
WA,53049,Pacific,4310,6280
WA,53059,Skamania,2069,3507
WA,53069,Wahkiakum,810,1522
TN,47019,Carter,2443,15972
TN,47029,Cocke,1342,8891
TN,47059,Greene,2967,17914
TN,47063,Hamblen,3037,15397
TN,47067,Hancock,199,1637
TN,47073,Hawkins,2695,15584
TN,47091,Johnson,734,5075
TN,47155,Sevier,4839,26704
TN,47163,Sullivan,9607,47799
TN,47171,Unicoi,912,5451
TN,47179,Washington,9839,34923
NJ,34019,Hunterdon,23614,40529
VA,51033,Caroline,5999,7391
VA,51057,Essex,1961,3093
VA,51073,Gloucester,4758,13818
VA,51085,Hanover,17458,41364
VA,51097,King and Queen,1259,2237
VA,51099,King George,3385,8107
VA,51101,King William,2383,5932
VA,51103,Lancaster,2374,3972
VA,51115,Mathews,1324,3748
VA,51119,Middlesex,1663,4001
VA,51127,New Kent,3124,8243
VA,51133,Northumberland,2258,4813
VA,51159,Richmond,881,2615
VA,51179,Stafford,25232,37102
VA,51193,Westmoreland,2771,5268
VA,51630,Fredericksburg,5924,4320
WY,56001,Albany,7892,7472
WY,56003,Big Horn,934,3811
WY,56005,Campbell,2298,13658
WY,56007,Carbon,2077,3690
WY,56009,Converse,1126,4855
WY,56011,Crook,547,2833
WY,56013,Fremont,5450,10095
WY,56015,Goshen,1223,4174
WY,56017,Hot Springs,644,1725
WY,56019,Johnson,882,3161
WY,56021,Laramie,14115,23188
WY,56023,Lincoln,1532,6511
WY,56025,Natrona,9422,20808
WY,56027,Niobrara,217,969
WY,56029,Park,3451,9746
WY,56031,Platte,1127,2872
WY,56033,Sheridan,4343,9079
WY,56035,Sublette,987,3027
WY,56037,Sweetwater,6536,9234
WY,56039,Teton,7417,4389
WY,56041,Uinta,1826,5686
WY,56043,Washakie,799,2733
WY,56045,Weston,621,2460
IN,18013,Brown,3036,4451
IN,18019,Clark,21599,25802
IN,18043,Floyd,16004,19411
IN,18061,Harrison,6706,10809
IN,18071,Jackson,5596,10804
IN,18081,Johnson,20083,42205
IN,18093,Lawrence,5720,11946
IN,18105,Monroe,36094,19365
IN,18117,Orange,3007,4733
IN,18175,Washington,3991,6577
FL,12035,Flagler,21363,33772
FL,12127,Volusia,108879,141764
NM,35003,Catron,469,1536
NM,35005,Chaves,4929,14920
NM,35006,Cibola,2945,4943
NM,35011,DeBaca,162,715
NM,35013,Dona Ana,36362,32633
NM,35015,Eddy,4324,14881
NM,35017,Grant,6194,6374
NM,35019,Guadalupe,698,1050
NM,35023,Hidalgo,652,1161
NM,35025,Lea,2884,14430
NM,35027,Lincoln,2192,6545
NM,35029,Luna,2757,4255
NM,35035,Otero,5580,13982
NM,35051,Sierra,1640,3453
NM,35053,Socorro,2728,3952
TX,48015,Austin,1926,9890
TX,48089,Colorado,1776,6293
TX,48149,Fayette,1864,8741
TX,48473,Waller,5444,10774
TX,48477,Washington,2896,11386
NY,36003,Allegany,5112,12589
NY,36009,Cattaraugus,10573,18496
NY,36013,Chautauqua,21810,30091
NY,36015,Chemung,13766,21125
NY,36097,Schuyler,3245,5222
NY,36099,Seneca,5587,7583
NY,36101,Steuben,13439,27300
NY,36109,Tompkins,29106,11579
NY,36123,Yates,3416,6118
WA,53001,Adams,0,4332
WA,53005,Benton,0,77846
WA,53021,Franklin,0,22484
WA,53025,Grant,0,26793
WA,53047,Okanogan,0,15389
WA,53077,Yakima,0,72825
MI,26063,Huron,3698,10908
MI,26087,Lapeer,11963,29402
MI,26147,St. Clair,25781,44860
MI,26151,Sanilac,4663,13360
SC,45021,Cherokee,5772,14637
SC,45023,Chester,6367,7022
SC,45039,Fairfield,6704,3909
SC,45055,Kershaw,10164,17305
SC,45057,Lancaster,13295,23818
SC,45061,Lee,5110,2605
SC,45087,Union,4389,6835
SC,45091,York,39806,69711
VA,51036,Charles City,2515,1485
VA,51053,Dinwiddie,5655,7436
VA,51081,Greensville,2455,1682
VA,51149,Prince George,6259,9217
VA,51175,Southampton,3206,4691
VA,51181,Surry,2210,1850
VA,51183,Sussex,2716,1998
VA,51570,Colonial Heights,2288,5706
VA,51595,Emporia,1411,823
VA,51670,Hopewell,4728,4090
VA,51730,Petersburg,11500,1749
VA,51760,Richmond City,75620,22529
TX,48043,Brewster,2244,1916
TX,48103,Crane,313,1000
TX,48105,Crockett,462,875
TX,48109,Culberson,473,240
TX,48127,Dimmit,2038,933
TX,48137,Edwards,289,683
TX,48163,Frio,2291,1764
TX,48229,Hudspeth,368,427
TX,48243,Jeff Davis,512,634
TX,48271,Kinney,461,906
TX,48301,Loving,9,54
TX,48323,Maverick,9880,2820
TX,48325,Medina,4321,12292
TX,48371,Pecos,1759,2274
TX,48377,Presidio,1316,560
TX,48383,Reagan,181,696
TX,48389,Reeves,1761,1183
TX,48413,Schleicher,221,796
TX,48435,Sutton,315,1047
TX,48443,Terrell,188,237
TX,48461,Upton,307,918
TX,48463,Uvalde,3827,4735
TX,48465,Val Verde,7148,5929
TX,48475,Ward,867,2442
TX,48495,Winkler,398,1409
TX,48507,Zavala,2471,617
TX,48017,Bailey,0,1439
TX,48033,Borden,0,329
TX,48069,Castro,0,1465
TX,48079,Cochran,0,712
TX,48107,Crosby,0,1291
TX,48151,Fisher,0,1314
TX,48165,Gaines,0,3907
TX,48169,Garza,0,1256
TX,48189,Hale,0,7005
TX,48207,Haskell,0,1372
TX,48219,Hockley,0,6142
TX,48227,Howard,0,6639
TX,48253,Jones,0,4848
TX,48263,Kent,0,354
TX,48279,Lamb,0,3303
TX,48303,Lubbock,0,72109
TX,48305,Lynn,0,1646
TX,48353,Nolan,0,3721
TX,48369,Parmer,0,2003
TX,48415,Scurry,0,4440
TX,48417,Shackelford,0,1354
TX,48433,Stonewall,0,519
TX,48441,Taylor,0,35483
TX,48445,Terry,0,2667
TX,48447,Throckmorton,0,695
TX,48501,Yoakum,0,1904
TX,48503,Young,0,6632
OH,39169,Wayne,12887,34443
TN,47015,Cannon,1006,3450
TN,47027,Clay,559,1923
TN,47031,Coffee,4349,13312
TN,47035,Cumberland,4551,18605
TN,47041,DeKalb,1353,4388
TN,47049,Fentress,988,5176
TN,47087,Jackson,970,2769
TN,47111,Macon,1037,5358
TN,47133,Overton,1696,5184
TN,47137,Pickett,529,1814
TN,47141,Putnam,6068,18237
TN,47147,Robertson,5388,18037
TN,47159,Smith,1569,4887
TN,47165,Sumner,15452,48613
TN,47169,Trousdale,799,1864
TN,47185,White,1801,6932
TN,47189,Wilson,13063,38395
AL,01103,Morgan,11995,37658
AL,01083,Limestone,10243,29093
AL,01071,Jackson,4527,15447
AL,01089,Madison,63664,96739
AL,01077,Lauderdale,11805,26710
OH,39001,Adams,2175,8500
OH,39015,Brown,4140,14741
OH,39025,Clermont,20703,73873
OH,39071,Highland,3676,13832
OH,39131,Pike,4049,6817
AK,02000,Alaska,111019,155088
NJ,34001,Atlantic,45898,59858
NJ,34009,Cape May,12949,29796
NJ,34011,Cumberland,19482,26837
NJ,34033,Salem,9230,18551
CT,09015,WINDHAM,29691,17052
CT,09011,NEW LONDON,81108,34946
CT,09013,TOLLAND,46644,25878
CA,06015,Del Norte,4770,4300
CA,06041,Marin,110165,22591
CA,06045,Mendocino,25901,9736
CA,06105,Trinity,2878,2564
CA,06023,Humboldt,40908,16070
AL,01115,St. Clair,6013,31757
AL,01111,Randolph,2389,7512
AL,01121,Talladega,12271,20805
AL,01017,Chambers,5796,7907
AL,01123,Tallapoosa,5613,13602
AL,01019,Cherokee,1702,8099
AL,01029,Cleburne,769,5644
AL,01113,Russell,9327,9545
AL,01027,Clay,1317,5231
AL,01087,Macon,7400,1600
AL,01015,Calhoun,14000,33175
AL,01081,Lee,21148,36909
