state_id,fips,name,county_dem_result,county_rep_result
IL,17031,Cook,1381905,344937
IL,17043,DuPage,211635,151919
IL,17089,Kane,96570,73262
IL,17097,Lake,154399,97170
IL,17111,McHenry,59873,56728
NJ,34021,Mercer,86118,39206
NJ,34025,Monmouth,126940,130063
NJ,34029,Ocean,79103,139886
TN,47157,Shelby,178099,102799
MN,27005,Becker,7664,7083
MN,27007,Beltrami,9612,8046
MN,27011,Big Stone,1420,1158
MN,27023,Chippewa,3115,2412
MN,27027,Clay,16317,7934
MN,27029,Clearwater,1507,1981
MN,27033,Cottonwood,2183,2791
MN,27041,Douglas,8577,9419
MN,27051,Grant,1820,1314
MN,27067,Kandiyohi,9611,8970
MN,27069,Kittson,1515,842
MN,27073,Lac Qui Parle,1973,1379
MN,27077,Lake of the Woods,844,1001
MN,27081,Lincoln,1232,1182
MN,27083,Lyon,5117,4821
MN,27087,Mahnomen,1283,642
MN,27089,Marshall,2196,1907
MN,27085,McLeod,6545,8290
MN,27093,Meeker,4639,5625
MN,27101,Murray,1930,2170
MN,27107,Norman,1857,856
MN,27111,Otter Tail,13176,14191
MN,27113,Pennington,2977,2391
MN,27117,Pipestone,1420,2281
MN,27119,Polk,6660,5177
MN,27121,Pope,3004,2426
MN,27125,Red Lake,1032,638
MN,27127,Redwood,2949,3236
MN,27129,Renville,3393,2888
MN,27135,Roseau,2993,3473
MN,27143,Sibley,2866,3659
MN,27145,Stearns,27213,38353
MN,27149,Stevens,2487,1885
MN,27151,Swift,2309,1729
MN,27153,Todd,4128,5467
MN,27155,Traverse,893,627
MN,27167,Wilkin,1457,1123
MN,27173,Yellow Medicine,2216,2090
CA,06065,Riverside,343891,289550
FL,12011,Broward,297508,174865
FL,12086,Miami-Dade,299870,302965
SC,45013,Beaufort,33095,37552
SC,45015,Berkeley,31698,33963
SC,45019,Charleston,89131,57704
SC,45029,Colleton,6399,6651
SC,45035,Dorchester,24520,26353
CA,06073,San Diego,706248,430182
MI,26023,Branch,5097,9937
MI,26045,Eaton,25790,23956
MI,26059,Hillsdale,5139,11470
MI,26075,Jackson,26530,33653
MI,26091,Lenawee,17886,21908
MI,26115,Monroe,26592,34078
MI,26161,Washtenaw,124068,44007
FL,12095,Orange,125592,71936
FL,12117,Seminole,106343,91423
DE,10001,Kent,33162,24556
DE,10003,New Castle,150143,56213
DE,10005,Sussex,44048,44615
ID,16001,Ada,86193,95068
ID,16003,Adams,427,1291
ID,16009,Benewah,894,2471
ID,16015,Boise,800,2346
ID,16017,Bonner,6061,11067
ID,16021,Boundary,929,3005
ID,16027,Canyon,17690,40512
ID,16035,Clearwater,710,2188
ID,16045,Gem,1315,5173
ID,16049,Idaho County,1276,5191
ID,16055,Kootenai,16665,36669
ID,16057,Latah,8177,6307
ID,16061,Lewis,266,1006
ID,16069,Nez Perce,4930,8225
ID,16073,Owyhee,599,2586
ID,16075,Payette,1471,5464
ID,16079,Shoshone,1427,2328
ID,16085,Valley,2123,2608
ID,16087,Washington,790,2833
FL,12103,Pinellas,232512,199700
VT,50001,ADDISON,12269,4186
VT,50003,BENNINGTON,9723,3939
VT,50005,CALEDONIA,7080,4054
VT,50007,CHITTENDEN,57238,15268
VT,50009,ESSEX,1106,958
VT,50011,FRANKLIN,11047,6251
VT,50013,GRAND ISLE,2393,1141
VT,50015,LAMOILLE,8079,2771
VT,50017,ORANGE,8224,3614
VT,50019,ORLEANS,5569,3850
VT,50021,RUTLAND,14237,8841
VT,50023,WASHINGTON,19767,6182
VT,50025,WINDHAM,14207,3623
VT,50027,WINDSOR,17608,6027
NC,37069,Franklin,11118,13610
NC,37085,Harnett,13408,21057
NC,37101,Johnston,23922,41023
NC,37127,Nash,18228,18384
NC,37183,Wake,269653,151709
NC,37195,Wilson,14954,13462
CA,06037,Los Angeles,2166403,603359
NY,36011,Cayuga,10918,16679
NY,36067,Onondaga,90630,86833
NY,36075,Oswego,15065,23808
NY,36117,Wayne,12383,19188
OH,39005,Ashland,5968,12673
OH,39031,Coshocton,3703,8175
OH,39075,Holmes,1834,7115
OH,39077,Huron,7035,11727
OH,39083,Knox,7715,14810
OH,39093,Lorain,62904,49864
OH,39103,Medina,30269,43781
OH,39139,Richland,15909,27950
OH,39151,Stark,63801,74986
OH,39157,Tuscarawas,12252,20216
CA,06059,Orange,581435,492040
NC,37021,Buncombe,73275,44458
NC,37035,Catawba,17343,36040
NC,37045,Cleveland,11563,21799
NC,37071,Gaston,25738,45701
NC,37097,Iredell,22394,41139
NC,37109,Lincoln,8872,22654
NC,37149,Polk,3694,5483
NC,37161,Rutherford,6506,16431
NY,36047,Brooklyn,544221,62856
NY,36081,Queens,261983,25906
NM,35001,Bernalillo,143756,85218
NM,35007,Colfax,2474,1935
NM,35009,Curry,3319,6415
NM,35021,Harding,202,244
NM,35028,Los Alamos,6217,3087
NM,35031,McKinley,13995,3352
NM,35033,Mora,1788,464
NM,35037,Quay,1304,1646
NM,35039,Rio Arriba,9916,2324
NM,35041,Roosevelt,1506,2951
NM,35045,San Juan,14150,19753
NM,35047,San Miguel,7379,1552
NM,35043,Sandoval,30557,21509
NM,35049,Santa Fe,52692,11542
NM,35055,Taos,12098,1888
NM,35059,Union,468,931
VA,51007,Amelia,1926,3879
VA,51041,Chesterfield,81001,71086
VA,51047,Culpeper,7910,11239
VA,51075,Goochland,5248,7913
VA,51087,Henrico,92455,51768
VA,51109,Louisa,6256,8982
VA,51135,Nottoway,2401,2862
VA,51137,Orange,6007,8797
VA,51145,Powhatan,4333,10434
VA,51177,Spotsylvania,23718,27718
CA,06027,Inyo,0,6150
CA,06051,Mono,0,3905
CA,06071,San Bernardino,216428,289774
ME,23001,ANDROSCOGGIN,22039,20502
ME,23003,AROOSTOOK,10855,14127
ME,23007,FRANKLIN,6864,6008
ME,23009,HANCOCK,15245,10709
ME,23011,KENNEBEC,27964,23470
ME,23017,OXFORD,11334,11649
ME,23019,PENOBSCOT,28892,31002
ME,23021,PISCATAQUIS,2866,3995
ME,23025,SOMERSET,8206,10924
ME,23027,WALDO,10052,7986
ME,23029,WASHINGTON,5657,6447
OK,40037,Creek,5943,16531
OK,40131,Rogers,8428,22893
OK,40143,Tulsa,87904,113018
OK,40145,Wagoner,7588,18177
OK,40147,Washington,5253,12471
HI,15003,Honolulu,183084,61914
CO,08013,Boulder,130071,38116
CO,08014,Broomfield,20290,13019
CO,08019,Clear Creek,2847,2062
CO,08037,Eagle,13308,7935
CO,08047,Gilpin,1732,1304
CO,08049,Grand,3328,3609
CO,08059,Jefferson,173265,118773
CO,08069,Larimer,92787,72558
CO,08093,Park,3474,5350
CO,08117,Summit,8835,4068
MI,26035,Clare,3965,7687
MI,26037,Clinton,15507,19876
MI,26051,Gladwin,3499,7311
MI,26057,Gratiot,5186,8827
MI,26073,Isabella,10452,11445
MI,26107,Mecosta,5734,9543
MI,26111,Midland,14428,23469
MI,26113,Missaukee,1521,4943
MI,26117,Montcalm,7811,14403
MI,26129,Ogemaw,2827,5977
MI,26133,Osceola,2560,6663
MI,26143,Roscommon,3951,7556
MI,26145,Saginaw,40093,37179
MI,26155,Shiawassee,11840,17222
MI,26165,Wexford,4397,9270
WI,55027,Dodge,13740,23382
WI,55055,Jefferson,15702,21760
WI,55079,Milwaukee,262507,117386
WI,55127,Walworth,16892,26735
WI,55131,Washington,18940,50848
WI,55133,Waukesha,71978,143480
TX,48141,El Paso,138506,52512
AR,05001,Arkansas,1406,3428
AR,05005,Baxter,3189,10712
AR,05017,Chicot,1929,1537
AR,05021,Clay,842,3182
AR,05023,Cleburne,1503,7928
AR,05031,Craighead,8087,17389
AR,05035,Crittenden,6085,5601
AR,05037,Cross,1441,4235
AR,05041,Desha,1653,1658
AR,05049,Fulton,933,2790
AR,05055,Greene,2176,8470
AR,05063,Independence,1980,7879
AR,05065,Izard,838,3524
AR,05067,Jackson,1082,3014
AR,05069,Jefferson,11336,7837
AR,05075,Lawrence,922,3616
AR,05077,Lee,1154,924
AR,05079,Lincoln,875,1971
AR,05085,Lonoke,4259,15728
AR,05093,Mississippi,3659,6460
AR,05095,Monroe,1131,1408
AR,05107,Phillips,3125,2182
AR,05111,Poinsett,1273,4651
AR,05117,Prairie,628,2144
AR,05121,Randolph,1149,4268
AR,05123,Saint Francis,3038,2587
AR,05129,Searcy,478,2546
AR,05135,Sharp,1102,4407
AR,05137,Stone,954,3346
AR,05147,Woodruff,829,1208
NY,36103,Suffolk,266419,263029
MI,26015,Barry,8730,16803
MI,26025,Calhoun,20857,26630
MI,26067,Ionia,7805,14517
MI,26081,Kent,127978,142266
NY,36061,Manhattan,479682,51752
NM,35057,Torrance,1940,3132
NM,35061,Valencia,12724,11389
IA,19009,Audubon,1234,1378
IA,19015,Boone,6353,5350
IA,19021,Buena Vista,3178,3228
IA,19023,Butler,2199,3675
IA,19025,Calhoun,1842,2318
IA,19027,Carroll,4075,4652
IA,19033,Cerro Gordo,10688,7620
IA,19035,Cherokee,2359,2702
IA,19037,Chickasaw,2345,2671
IA,19041,Clay,3125,3555
IA,19047,Crawford,2248,3025
IA,19059,Dickinson,3931,4676
IA,19063,Emmet,1743,1879
IA,19067,Floyd,3205,2841
IA,19069,Franklin,1717,2229
IA,19073,Greene,1945,1999
IA,19075,Grundy,1996,3540
IA,19079,Hamilton,2942,3215
IA,19081,Hancock,1843,2765
IA,19083,Hardin,3027,3917
IA,19085,Harrison,2237,3559
IA,19091,Humboldt,1465,2481
IA,19093,Ida,1117,1757
IA,19109,Kossuth,3171,3942
IA,19119,Lyon,1355,3716
IA,19133,Monona,1671,2055
IA,19141,O'Brien,1916,3795
IA,19143,Osceola,709,1663
IA,19147,Palo Alto,1701,1925
IA,19149,Plymouth,4084,6503
IA,19151,Pocahontas,1201,1831
IA,19161,Sac,1686,2549
IA,19165,Shelby,1817,3070
IA,19167,Sioux,3682,10824
IA,19169,Story,27569,13474
IA,19187,Webster,6918,6706
IA,19189,Winnebago,2181,2233
IA,19193,Woodbury,18686,15708
IA,19197,Wright,2085,2650
IN,18007,Benton,795,2128
IN,18011,Boone,9535,17768
IN,18015,Carroll,1942,4944
IN,18017,Cass,3733,7590
IN,18023,Clinton,2584,6535
IN,18045,Fountain,1439,4385
IN,18063,Hendricks,22560,39598
IN,18067,Howard,10426,18056
IN,18073,Jasper,3069,7423
IN,18107,Montgomery,3287,9145
IN,18109,Morgan,6634,18358
IN,18111,Newton,1349,3205
IN,18133,Putnam,3384,8473
IN,18157,Tippecanoe,25378,25571
IN,18171,Warren,887,2367
IN,18181,White,2497,5926
KS,20091,Johnson,140133,124285
KS,20121,Miami,4292,8194
KS,20209,Wyandotte,28731,12105
CA,06053,Monterey,90402,0
CA,06069,San Benito,13974,0
CA,06085,Santa Clara,449215,154033
CA,06087,Santa Cruz,96453,7274
NC,37001,Alamance,24952,31476
NC,37033,Caswell,3729,4559
NC,37037,Chatham,20444,15526
NC,37081,Guilford,119184,78529
NC,37105,Lee,8812,10715
NC,37145,Person,6138,8458
NC,37151,Randolph,9887,36981
NC,37157,Rockingham,11287,21038
VA,51059,Fairfax,328815,145996
VA,51600,Fairfax City,7089,3229
VA,51153,Prince William,102595,59998
MD,24003,Anne Arundel,121930,97087
MD,24005,Baltimore,200174,112337
MD,24510,Baltimore City,161419,16704
MD,24027,Howard,96925,41455
MD,24031,Montgomery,316811,81565
NY,36001,Albany,80833,32326
NY,36057,Montgomery,7572,7442
NY,36083,Rensselaer,33547,25368
NY,36091,Saratoga,50321,43697
NY,36093,Schenectady,34588,19145
MN,27037,Dakota,113784,91633
MN,27049,Goodhue,10452,12505
MN,27131,Rice,15418,12826
MN,27139,Scott,29874,35770
MN,27157,Wabasha,4186,5730
MN,27163,Washington,67656,58251
NJ,34023,Middlesex,162135,87294
NJ,34035,Somerset,77448,56160
NJ,34039,Union,120892,52862
OH,39007,Ashtabula,13427,18730
OH,39035,Cuyahoga,329224,148114
OH,39055,Geauga,15596,26895
OH,39085,Lake,40167,54019
OH,39133,Portage,30182,29812
OH,39153,Summit,121463,88610
OH,39155,Trumbull,41670,33573
CA,06013,Contra Costa,289768,105780
MD,24011,Caroline,3874,7385
MD,24013,Carroll,24485,47320
MD,24015,Cecil,12941,21123
MD,24019,Dorchester,5331,6997
MD,24025,Harford,45511,61714
MD,24029,Kent,4681,3855
MD,24035,Queen Anne's,8290,14124
MD,24039,Somerset,3022,4424
MD,24041,Talbot,9357,8645
MD,24045,Wicomico,15654,17433
MD,24047,Worcester,9196,14357
NY,36007,Broome,41094,32038
NY,36021,Columbia,16741,12125
NY,36025,Delaware,7338,9332
NY,36027,Dutchess,61342,48710
NY,36039,Greene,8066,10834
NY,36077,Otsego,10686,10577
NY,36095,Schoharie,4605,7241
NY,36105,Sullivan,12068,12269
NY,36111,Ulster,48072,29020
GA,13001,Appling,1316,5345
GA,13031,Bulloch,8473,14952
GA,13033,Burke,4114,4492
GA,13043,Candler,954,2543
GA,13069,Coffee,3469,8841
GA,13073,Columbia,18942,42099
GA,13103,Effingham,5065,18080
GA,13107,Emanuel,2165,5406
GA,13109,Evans,1012,2371
GA,13161,Jeff Davis,787,3896
GA,13165,Jenkins,967,1884
GA,13175,Laurens,6119,12424
GA,13209,Montgomery,793,2654
GA,13245,Richmond,45717,23708
GA,13251,Screven,2121,3216
GA,13267,Tattnall,1501,5028
GA,13279,Toombs,2157,6580
GA,13283,Treutlen,749,1763
GA,13309,Wheeler,546,1345
IA,19005,Allamakee,2353,3073
IA,19011,Benton,4698,6465
IA,19013,Black Hawk,29667,22103
IA,19017,Bremer,5182,5908
IA,19019,Buchanan,3977,4166
IA,19043,Clayton,3311,4320
IA,19055,Delaware,2810,4475
IA,19061,Dubuque,22359,19282
IA,19065,Fayette,3701,4167
IA,19089,Howard,1587,1878
IA,19095,Iowa,3099,4203
IA,19097,Jackson,3797,4483
IA,19105,Jones,3787,4490
IA,19113,Linn,57712,40733
IA,19127,Marshall,6611,7124
IA,19131,Mitchell,1836,2518
IA,19157,Poweshiek,3966,4044
IA,19171,Tama,3257,3780
IA,19191,Winneshiek,5102,4364
IA,19195,Worth,1530,1866
SC,45025,Chesterfield,5099,6903
SC,45031,Darlington,10976,12301
SC,45033,Dillon,4008,4206
SC,45041,Florence,21731,23745
SC,45043,Georgetown,11057,14759
SC,45051,Horry,35659,74987
SC,45067,Marion,6279,4194
SC,45069,Marlboro,4363,3340
RI,44001,BRISTOL,13493,7568
RI,44005,NEWPORT,21189,12257
RI,44007,PROVIDENCE,131011,64528
FL,12031,Duval,179664,189024
FL,12089,Nassau,9895,32571
FL,12109,St. Johns,40858,85608
OR,41007,Clatsop,11101,6526
OR,41009,Columbia,12130,10642
OR,41051,Multnomah,288509,57182
OR,41067,Washington,158464,75189
OR,41071,Yamhill,21793,19906
IN,18021,Clay,2207,7040
IN,18025,Crawford,1575,2339
IN,18027,Daviess,1627,7026
IN,18037,Dubois,4932,11389
IN,18051,Gibson,3491,8889
IN,18055,Greene,2786,7767
IN,18083,Knox,3489,8763
IN,18101,Martin,1029,3185
IN,18119,Owen,2129,4946
IN,18121,Parke,1342,3972
IN,18123,Perry,3119,3914
IN,18125,Pike,1543,3539
IN,18129,Posey,3543,7051
IN,18147,Spencer,2879,5722
IN,18153,Sullivan,2237,5057
IN,18163,Vanderburgh,25679,32428
IN,18165,Vermillion,1970,3412
IN,18167,Vigo,13844,17576
IN,18173,Warrick,8871,15357
LA,22009,Avoyelles,2816,7417
LA,22021,Caldwell,449,2532
LA,22025,Catahoula,816,2365
LA,22029,Concordia,2013,3813
LA,22035,East Carroll,1071,1117
LA,22037,East Feliciana,2497,4028
LA,22041,Franklin,1217,5263
LA,22043,Grant,669,5126
LA,22049,Jackson,1537,3801
LA,22059,LaSalle,359,4117
LA,22061,Lincoln,4459,8256
LA,22065,Madison,1480,1621
LA,22067,Morehouse,3030,4759
LA,22073,Ouachita,14429,31176
LA,22079,Rapides,12087,27235
LA,22083,Richland,1680,5149
LA,22091,St. Helena,2089,2007
LA,22097,St. Landry,10890,15200
LA,22105,Tangipahoa,11257,24514
LA,22107,Tensas,770,1021
LA,22117,Washington,3599,8376
LA,22123,West Carroll,363,2634
LA,22125,West Feliciana,1505,2875
LA,22127,Winn,911,2854
NY,36059,Nassau,268623,202803
UT,49007,Carbon,1804,4726
UT,49015,Emery,438,3208
UT,49019,Grand,2231,1961
UT,49035,Salt Lake,225189,177093
UT,49037,San Juan,2283,2761
UT,49049,Utah,32521,131951
UT,49051,Wasatch,3657,7894
TX,48113,Dallas,460156,212517
TN,47001,Anderson,8703,16420
TN,47011,Bradley,7270,23702
TN,47013,Campbell,1950,7638
TN,47065,Hamilton,57681,73047
TN,47107,McMinn,3238,11966
TN,47123,Monroe,3035,10979
TN,47129,Morgan,1099,4255
TN,47139,Polk,1399,4253
TN,47145,Roane,4730,13770
TN,47151,Scott,795,4217
TN,47173,Union,989,3772
FL,12021,Collier,55337,99206
FL,12051,Hendry,3557,5051
NC,37015,Bertie,4419,2471
NC,37063,Durham,104343,23308
NC,37065,Edgecombe,11504,5908
NC,37073,Gates,2149,2050
NC,37077,Granville,10661,10258
NC,37083,Halifax,10821,6584
NC,37091,Hertford,5509,2296
NC,37117,Martin,4766,4327
NC,37131,Northampton,4609,2701
NC,37147,Pitt,16025,7189
NC,37181,Vance,8768,5373
NC,37185,Warren,4932,2502
NC,37187,Washington,2804,1929
CO,08015,Chaffee,5506,5035
CO,08041,El Paso,109510,155070
CO,08043,Fremont,5972,12752
CO,08119,Teller,4042,8375
MI,26001,Alcona,1727,3721
MI,26003,Alger,1915,2211
MI,26007,Alpena,5233,7638
MI,26009,Antrim,4975,7792
MI,26013,Baraga,1309,1916
MI,26019,Benzie,4551,5127
MI,26029,Charlevoix,5624,7901
MI,26031,Cheboygan,4660,7739
MI,26033,Chippewa,5575,8311
MI,26039,Crawford,2268,3912
MI,26041,Delta,6972,9351
MI,26043,Dickinson,4191,7124
MI,26047,Emmet,7756,10018
MI,26053,Gogebic,3171,3309
MI,26055,Grand Traverse,23648,24855
MI,26061,Houghton,6477,7759
MI,26071,Iron,2264,3106
MI,26079,Kalkaska,2852,5406
MI,26083,Keweenaw,580,726
MI,26089,Leelanau,7295,6816
MI,26095,Luce,815,1554
MI,26097,Mackinac,2185,3476
MI,26101,Manistee,5257,6334
MI,26103,Marquette,16978,12753
MI,26105,Mason,5535,7815
MI,26109,Menominee,3471,5243
MI,26119,Montmorency,1471,3094
MI,26131,Ontonagon,1338,1786
MI,26135,Oscoda,1155,2513
MI,26137,Otsego,3952,7301
MI,26141,Presque Isle,2659,3980
MI,26153,Schoolcraft,1530,2178
CA,06007,Butte,48127,41063
CA,06021,Glenn,3030,5225
CA,06035,Lassen,2456,6556
CA,06049,Modoc,1041,2421
CA,06057,Nevada,31666,22567
CA,06061,Placer,81259,93417
CA,06063,Plumas,4003,5221
CA,06089,Shasta,24755,45308
CA,06091,Sierra,707,956
CA,06093,Siskiyou,8391,9792
CA,06103,Tehama,7021,13885
SC,45003,Aiken,21760,37338
SC,45011,Barnwell,3400,3900
SC,45063,Lexington,33072,64673
SC,45075,Orangeburg,21393,8991
SC,45079,Richland,95380,43768
TX,48009,Archer,310,3249
TX,48011,Armstrong,57,808
TX,48023,Baylor,131,1083
TX,48045,Briscoe,57,558
TX,48065,Carson,197,2216
TX,48075,Childress,201,1541
TX,48077,Clay,458,3770
TX,48087,Collingsworth,91,832
TX,48097,Cooke,2175,11974
TX,48101,Cottle,87,460
TX,48111,Dallam,121,969
TX,48117,Deaf Smith,921,2792
TX,48125,Dickens,94,654
TX,48129,Donley,113,1134
TX,48153,Floyd,415,1442
TX,48155,Foard,101,324
TX,48179,Gray,528,5301
TX,48191,Hall,140,809
TX,48195,Hansford,99,1565
TX,48197,Hardeman,145,1000
TX,48205,Hartley,123,1483
TX,48211,Hemphill,124,1234
TX,48233,Hutchinson,627,5909
TX,48237,Jack,265,2501
TX,48269,King,3,124
TX,48275,Knox,204,870
TX,48295,Lipscomb,95,954
TX,48337,Montague,810,6474
TX,48341,Moore,697,3300
TX,48345,Motley,39,480
TX,48357,Ochiltree,184,2181
TX,48359,Oldham,58,749
TX,48375,Potter,6471,17450
TX,48381,Randall,7705,39701
TX,48393,Roberts,16,442
TX,48421,Sherman,69,707
TX,48437,Swisher,372,1493
TX,48483,Wheeler,115,1674
TX,48485,Wichita,8362,24779
TX,48487,Wilbarger,686,2759
TX,48497,Wise,3299,19142
TX,48139,Ellis,18022,40883
TX,48349,Navarro,3780,10363
TX,48439,Tarrant,286967,324717
FL,12097,Osceola,71924,41829
FL,12105,Polk,107853,131483
NY,36029,Erie,219877,111123
NY,36063,Niagara,37399,32647
TX,48367,Parker,8015,45468
KY,21015,Boone,12548,27912
KY,21019,Boyd,5788,8913
KY,21023,Bracken,790,1947
KY,21037,Campbell,13111,19605
KY,21041,Carroll,1350,1904
KY,21077,Gallatin,898,1876
KY,21081,Grant,1816,5205
KY,21089,Greenup,4468,8101
KY,21097,Harrison,2260,4094
KY,21103,Henry,2230,3735
KY,21111,Jefferson,177174,109012
KY,21117,Kenton,20196,30878
KY,21135,Lewis,516,2620
KY,21161,Mason,1779,3666
KY,21185,Oldham,9824,16495
KY,21187,Owen,1168,2784
KY,21191,Pendleton,1193,3242
KY,21211,Shelby,5982,10567
KY,21215,Spencer,2000,5760
KY,21223,Trimble,1030,1858
NC,37017,Bladen,5914,6712
NC,37019,Brunswick,22840,35312
NC,37047,Columbus,7276,11069
NC,37061,Duplin,6221,8920
NC,37129,New Hanover,46155,41286
NC,37141,Pender,7786,12510
NC,37163,Sampson,7468,11441
NC,37191,Wayne,15733,20305
TX,48001,Anderson,3162,11421
TX,48073,Cherokee,3186,11606
TX,48213,Henderson,4892,21484
TX,48257,Kaufman,11205,26727
TX,48467,Van Zandt,2490,15246
TX,48499,Wood,2550,14071
WI,55021,Columbia,14002,12469
WI,55039,Fond du Lac,17748,27029
WI,55047,Green Lake,2883,5191
WI,55071,Manitowoc,15418,19657
WI,55077,Marquette,2970,4098
WI,55089,Ozaukee,20125,30599
WI,55117,Sheboygan,22101,30019
WI,55137,Waushara,4088,6414
WI,55139,Winnebago,37865,37024
CA,06011,Colusa,2411,3277
CA,06033,Lake,12704,3890
CA,06067,Sacramento,351612,137314
CA,06095,Solano,95638,37498
CA,06101,Sutter,13572,16108
CA,06113,Yolo,55939,15479
CA,06115,Yuba,8044,10946
WA,53009,Clallam,22633,16551
WA,53027,Grays Harbor,15530,12646
WA,53031,Jefferson,15076,5591
WA,53035,Kitsap,76746,42628
WA,53045,Mason,14834,12606
WA,53053,Pierce,190985,129121
TX,48201,Harris,675409,488140
UT,49023,Juab,780,2914
UT,49039,Sanpete,1576,7397
TX,48039,Brazoria,42181,66638
TX,48167,Galveston,42187,68811
TX,48245,Jefferson,36170,36974
VA,51001,Accomack,5729,7025
VA,51650,Hampton,6820,5927
VA,51095,James City,18412,20346
VA,51710,Norfolk,13998,9421
VA,51131,Northampton,2807,2312
VA,51735,Poquoson,1555,4429
VA,51810,Virginia Beach,86822,82586
VA,51830,Williamsburg,4408,1787
VA,51199,York,12960,16067
OH,39099,Mahoning,50976,40232
PA,42003,Allegheny,146310,102697
PA,42007,Beaver,32821,35108
PA,42019,Butler,28499,50376
ME,23005,CUMBERLAND,98855,43112
ME,23013,KNOX,12689,6578
ME,23015,LINCOLN,10409,7506
ME,23023,SAGADAHOC,10634,7301
ME,23031,YORK,50588,33933
TX,48007,Aransas,2021,6676
TX,48021,Bastrop,11202,15019
TX,48055,Caldwell,5268,5798
TX,48057,Calhoun,1767,4159
TX,48177,Gonzales,1309,4173
TX,48239,Jackson,763,3932
TX,48285,La Vaca,920,6699
TX,48321,Matagorda,2755,7109
TX,48355,Nueces,44692,44924
TX,48391,Refugio,842,1576
TX,48409,San Patricio,6533,11167
TX,48469,Victoria,7486,19228
TX,48481,Wharton,3532,9110
IL,17003,Alexander,1099,1084
IL,17055,Franklin,5131,9958
IL,17077,Jackson,10148,9879
IL,17081,Jefferson,4554,9088
IL,17119,Madison,47567,54820
IL,17133,Monroe,5593,9735
IL,17145,Perry,2634,5833
IL,17153,Pulaski,938,1442
IL,17157,Randolph,4317,7672
IL,17163,St. Clair,54108,41387
IL,17181,Union,2417,4997
IL,17199,Williamson,8996,17728
MI,26065,Ingham,80785,35085
MI,26093,Livingston,37773,56266
MI,26125,Oakland,339867,236123
NY,36005,Bronx,270814,15468
TN,47005,Benton,1483,3561
TN,47017,Carroll,1926,6391
TN,47033,Crockett,864,2941
TN,47045,Dyer,1981,8008
TN,47047,Fayette,4175,11424
TN,47053,Gibson,3612,10784
TN,47075,Haywood,3030,2509
TN,47079,Henry,2326,6811
TN,47095,Lake,371,940
TN,47097,Lauderdale,2023,3794
TN,47113,Madison,13119,18488
TN,47131,Obion,1896,7316
TN,47167,Tipton,4086,13533
TN,47183,Weakley,2371,7174
CA,06019,Fresno,130722,121205
CA,06107,Tulare,44885,54606
SC,45005,Allendale,2306,544
SC,45009,Bamberg,2848,1484
SC,45017,Calhoun,2998,2880
SC,45027,Clarendon,6442,5547
SC,45049,Hampton,4236,2268
SC,45053,Jasper,4976,4222
SC,45085,Sumter,19600,14463
SC,45089,Williamsburg,7956,3558
MI,26163,Wayne,451414,137741
NH,33001,BELKNAP,12256,14125
NH,33003,CARROLL,12146,11464
NH,33009,GRAFTON,25627,13499
NH,33011,HILLSBOROUGH,87489,71360
NH,33013,MERRIMACK,36702,26626
NH,33015,ROCKINGHAM,71211,66089
NH,33017,STRAFFORD,30819,21469
WA,53067,Thurston,77872,44147
WI,55009,Brown,45320,69402
WI,55015,Calumet,7647,15806
WI,55029,Door,7025,9863
WI,55061,Kewaunee,2951,6490
WI,55075,Marinette,5273,12017
WI,55078,Menominee,784,307
WI,55083,Oconto,4722,12734
WI,55087,Outagamie,31819,50393
WI,55115,Shawano,5070,12739
WI,55135,Waupaca,6888,15360
FL,12071,Lee,111897,174534
CA,06001,Alameda,457183,70327
CA,06075,San Francisco,306924,48267
WA,53029,Island,26647,0
WA,53055,San Juan,8130,0
WA,53057,Skagit,32050,9344
WA,53061,Snohomish,197563,64274
WA,53073,Whatcom,67305,29568
OK,40017,Canadian,12630,32505
OK,40019,Carter,3608,9918
OK,40027,Cleveland,37709,50275
OK,40031,Comanche,9135,15774
OK,40033,Cotton,378,1540
OK,40049,Garvin,1832,5786
OK,40051,Grady,3779,12671
OK,40067,Jefferson,303,1221
OK,40085,Love,692,2014
OK,40087,McClain,3161,10100
OK,40099,Murray,970,3239
OK,40109,Oklahoma,118899,112177
OK,40123,Pontotoc,3352,8102
OK,40137,Stephens,2783,10541
OK,40141,Tillman,474,1563
GA,13047,Catoosa,4473,18901
GA,13055,Chattooga,1482,5799
GA,13083,Dade,883,4448
GA,13115,Floyd,7993,21776
GA,13129,Gordon,3128,14313
GA,13143,Haralson,1241,9164
GA,13213,Murray,1579,9313
GA,13223,Paulding,19394,40982
GA,13227,Pickens,1911,11217
GA,13233,Polk,2553,10075
GA,13295,Walker,3847,17298
GA,13313,Whitfield,6909,19807
NC,37007,Anson,4586,3266
NC,37051,Cumberland,55104,37880
NC,37119,Mecklenburg,255830,117832
NC,37153,Richmond,7138,6786
NC,37155,Robeson,17419,12691
NC,37165,Scotland,5908,4463
NC,37179,Union,34126,51645
LA,22003,Allen,1434,4268
LA,22011,Beauregard,1626,8181
LA,22013,Bienville,2006,2803
LA,22015,Bossier,8084,24759
LA,22017,Caddo,33962,38651
LA,22027,Claiborne,1462,2746
LA,22031,DeSoto,3166,6843
LA,22039,Evangeline,2537,7072
LA,22069,Natchitoches,4109,6439
LA,22081,Red River,1110,1731
LA,22085,Sabine,1048,5334
LA,22111,Union,1709,5833
LA,22115,Vernon,1691,8443
LA,22119,Webster,3735,8360
MI,26005,Allegan,18080,28763
MI,26021,Berrien,26679,33033
MI,26027,Cass,6756,11824
MI,26077,Kalamazoo,63215,47312
MI,26149,St. Joseph,7206,11908
MI,26159,Van Buren,12572,15102
MN,27003,Anoka,74313,83304
MN,27053,Hennepin,424344,197380
MN,27123,Ramsey,170401,61803
CA,06025,Imperial,22112,11225
SC,45001,Abbeville,2943,5544
SC,45007,Anderson,18019,44144
SC,45037,Edgefield,3611,5702
SC,45045,Greenville,65446,104049
SC,45047,Greenwood,8641,14301
SC,45059,Laurens,6901,13278
SC,45065,McCormick,2057,2328
SC,45071,Newberry,4909,7956
SC,45073,Oconee,7316,19966
SC,45077,Pickens,9333,28814
SC,45081,Saluda,2163,4633
CA,06077,San Joaquin,105086,87498
FL,12057,Hillsborough,113143,120732
FL,12081,Manatee,67653,95137
FL,12115,Sarasota,94779,114565
PA,42005,Armstrong,7521,16760
PA,42021,Cambria,18579,30855
PA,42023,Cameron,527,1242
PA,42027,Centre,32635,27941
PA,42031,Clarion,3847,9958
PA,42033,Clearfield,7367,19476
PA,42047,Elk,3584,7712
PA,42053,Forest,564,1364
PA,42063,Indiana,11211,18053
PA,42065,Jefferson,3358,12214
PA,42083,McKean,3489,9064
PA,42121,Venango,5935,12544
PA,42123,Warren,4770,9660
GA,13015,Bartow,8310,28524
GA,13057,Cherokee,26980,78142
GA,13067,Cobb,165079,142952
GA,13121,Fulton,135131,93006
CA,06081,San Mateo,221148,61178
MI,26011,Arenac,2858,3307
MI,26017,Bay,24523,18577
MI,26049,Genesee,102509,55850
MI,26069,Iosco,5004,5794
MI,26157,Tuscola,7626,12914
FL,12033,Escambia,54734,73752
FL,12059,Holmes,787,5963
FL,12091,Okaloosa,23694,60222
FL,12113,Santa Rosa,19948,55526
FL,12131,Walton,7329,22861
OH,39003,Allen,11609,24551
OH,39011,Auglaize,3825,15487
OH,39021,Champaign,4229,10798
OH,39033,Crawford,4129,10334
OH,39043,Erie,16273,13974
OH,39091,Logan,4025,12562
OH,39101,Marion,6950,13509
OH,39107,Mercer,3019,13882
OH,39143,Sandusky,8757,13181
OH,39147,Seneca,6515,12041
OH,39149,Shelby,3713,14994
OH,39159,Union,7469,16183
NJ,34005,Burlington,111894,75032
NJ,34007,Camden,123528,54833
NJ,34015,Gloucester,60266,48754
LA,22005,Ascension,11676,26938
LA,22007,Assumption,2493,3223
LA,22033,East Baton Rouge,70476,75684
LA,22047,Iberville,6088,2723
LA,22057,Lafourche,5275,23739
LA,22063,Livingston,4463,36205
LA,22077,Pointe Coupee,2993,6479
LA,22089,St. Charles,7219,4569
LA,22095,St. John the Baptist,9029,2349
LA,22109,Terrebonne,6711,22499
LA,22121,West Baton Rouge,4056,3724
GA,13045,Carroll,11931,29242
GA,13077,Coweta,16573,40679
GA,13113,Fayette,24094,32978
GA,13145,Harris,3892,11861
GA,13149,Heard,664,3309
GA,13151,Henry,55661,41491
GA,13171,Lamar,2153,5076
GA,13199,Meriwether,3428,5055
GA,13215,Muscogee,38729,23748
GA,13231,Pike,1149,7261
GA,13255,Spalding,8919,14950
GA,13285,Troup,8690,14809
GA,13293,Upson,3326,7063
MO,29007,Audrain,2298,6107
MO,29011,Barton,670,4196
MO,29013,Bates,1591,4893
MO,29015,Benton,2145,5966
MO,29019,Boone,39830,32797
MO,29029,Camden,4424,15031
MO,29037,Cass,14677,27737
MO,29039,Cedar,860,4406
MO,29053,Cooper,1833,5000
MO,29057,Dade,526,2746
MO,29059,Dallas,1163,5129
MO,29083,Henry,2484,5878
MO,29085,Hickory,934,3069
MO,29089,Howard,1264,2807
MO,29101,Johnson,5763,11324
MO,29105,LaClede,2198,10959
MO,29135,Moniteau,1177,4627
MO,29141,Morgan,1651,5985
MO,29159,Pettis,4226,10386
MO,29169,Pulaski,2445,8024
MO,29175,Randolph,2211,6373
MO,29185,St. Clair,1047,2948
MO,29217,Vernon,1617,5377
MO,29225,Webster,2964,11098
OH,39039,Defiance,4420,9196
OH,39051,Fulton,4735,11180
OH,39063,Hancock,7595,19988
OH,39065,Hardin,2487,6596
OH,39069,Henry,2744,7803
OH,39095,Lucas,91847,57479
OH,39123,Ottawa,7956,10143
OH,39125,Paulding,1972,4741
OH,39137,Putnam,2218,12387
OH,39161,Van Wert,2188,8322
OH,39171,Williams,3465,9537
OH,39173,Wood,21269,27382
OH,39175,Wyandot,1959,5968
NC,37057,Davidson,14898,40468
NC,37059,Davie,4396,12613
NC,37159,Rowan,15794,31330
MO,29047,Clay,42541,50979
MO,29095,Jackson,160936,94657
MO,29107,Lafayette,4944,8065
MO,29177,Ray,3816,5297
MO,29195,Saline,3200,4332
VA,51003,Albemarle,34409,18807
VA,51011,Appomattox,1744,4909
VA,51019,Bedford,9173,26220
VA,51025,Brunswick,3666,2463
VA,51029,Buckingham,2737,3363
VA,51031,Campbell,6045,15829
VA,51037,Charlotte,1820,2888
VA,51540,Charlottesville,17422,3010
VA,51049,Cumberland,1790,2350
VA,51590,Danville,9216,5847
VA,51061,Fauquier,13105,18962
VA,51065,Fluvanna,5790,6172
VA,51067,Franklin,6727,15355
VA,51079,Greene,3062,5050
VA,51083,Halifax,5791,7843
VA,51089,Henry,6893,11794
VA,51111,Lunenburg,1911,2557
VA,51113,Madison,2202,3813
VA,51117,Mecklenburg,5153,6616
VA,51125,Nelson,3669,3686
VA,51143,Pittsylvania,7788,17429
VA,51147,Prince Edward,3815,3227
VA,51157,Rappahannock,1837,2042
TX,48003,Andrews,656,3419
TX,48049,Brown,1448,10555
TX,48059,Callahan,519,4416
TX,48081,Coke,109,1184
TX,48083,Coleman,326,2763
TX,48093,Comanche,671,3867
TX,48095,Concho,132,832
TX,48115,Dawson,678,2277
TX,48133,Eastland,751,5387
TX,48135,Ector,7904,22040
TX,48143,Erath,2202,10126
TX,48173,Glasscock,28,524
TX,48221,Hood,4127,20161
TX,48235,Irion,78,644
TX,48267,Kimble,170,1520
TX,48299,Llano,1928,8053
TX,48317,Martin,201,1309
TX,48319,Mason,364,1579
TX,48307,McCulloch,353,2294
TX,48327,Menard,123,654
TX,48329,Midland,7976,33718
TX,48333,Mills,226,1761
TX,48335,Mitchell,263,1614
TX,48363,Palo Pinto,1675,7616
TX,48399,Runnels,324,2885
TX,48411,San Saba,220,1823
TX,48429,Stephens,289,2651
TX,48431,Sterling,30,454
TX,48451,Tom Green,8053,25948
PA,42041,Cumberland,46726,57817
PA,42043,Dauphin,58605,49767
PA,42133,York,66210,102678
MN,27001,Aitkin,3401,4466
MN,27017,Carlton,8260,7090
MN,27021,Cass,5158,8221
MN,27025,Chisago,9774,14864
MN,27031,Cook,1956,1083
MN,27035,Crow Wing,12283,18100
MN,27057,Hubbard,3701,6008
MN,27059,Isanti,5887,10678
MN,27061,Itasca,9716,10973
MN,27065,Kanabec,2466,3895
MN,27071,Koochiching,2408,2653
MN,27075,Lake,3050,2627
MN,27095,Mille Lacs,3766,6375
MN,27097,Morrison,4048,9653
MN,27115,Pine,4558,6430
MN,27137,St. Louis,57108,38496
MN,27159,Wadena,1620,3718
TX,48085,Collin,150918,194359
MI,26085,Lake,1767,2730
MI,26121,Muskegon,35685,30603
MI,26123,Newaygo,6798,12763
MI,26127,Oceana,4205,6218
MI,26139,Ottawa,46408,78454
WI,55003,Ashland,4219,2573
WI,55005,Barron,7228,10931
WI,55007,Bayfield,5207,3490
WI,55013,Burnett,2800,4630
WI,55017,Chippewa,13245,14044
WI,55019,Clark,3531,7878
WI,55031,Douglas,10877,7613
WI,55037,Florence,610,1526
WI,55041,Forest,1273,2611
WI,55051,Iron,1219,1824
WI,55053,Jackson,4748,3221
WI,55057,Juneau,4622,5368
WI,55067,Langlade,2655,6400
WI,55069,Lincoln,4580,8703
WI,55073,Marathon,21647,39194
WI,55081,Monroe,8579,8071
WI,55085,Oneida,7179,12033
WI,55095,Polk,7314,10943
WI,55099,Price,2437,4160
WI,55107,Rusk,2078,3881
WI,55113,Sawyer,3403,4609
WI,55109,St. Croix,16631,22676
WI,55119,Taylor,1904,6113
WI,55125,Vilas,4296,8116
WI,55129,Washburn,3139,4622
WI,55141,Wood,14539,18047
IL,17005,Bond,2255,4298
IL,17019,Champaign,47195,31515
IL,17023,Clark,1821,4267
IL,17025,Clay,1036,3803
IL,17027,Clinton,3678,10403
IL,17029,Coles,6520,10464
IL,17033,Crawford,2094,4770
IL,17035,Cumberland,1058,3252
IL,17041,Douglas,1627,4738
IL,17045,Edgar,1734,4270
IL,17047,Edwards,419,1999
IL,17049,Effingham,3162,11143
IL,17051,Fayette,1897,5950
IL,17053,Ford,1051,3916
IL,17059,Gallatin,714,1360
IL,17065,Hamilton,862,2579
IL,17069,Hardin,431,1251
IL,17079,Jasper,1099,3311
IL,17087,Johnson,1223,3948
IL,17101,Lawrence,1291,3007
IL,17121,Marion,3917,8732
IL,17127,Massac,1443,3937
IL,17139,Moultrie,1640,3487
IL,17151,Pope,396,1373
IL,17159,Richland,1597,4438
IL,17165,Saline,2711,6676
IL,17173,Shelby,2344,6837
IL,17183,Vermilion,8446,14675
IL,17185,Wabash,1040,2943
IL,17189,Washington,1399,4634
IL,17191,Wayne,1048,4908
IL,17193,White,1445,4410
AR,05007,Benton,23805,51473
AR,05009,Boone,2239,9132
AR,05015,Carroll,3094,5663
AR,05033,Crawford,3300,13089
AR,05089,Marion,1085,3954
AR,05101,Newton,675,2316
AR,05115,Pope,3876,13690
AR,05131,Sebastian,9044,23112
AR,05143,Washington,29775,34346
AL,01009,Blount,1957,17420
AL,01019,Cherokee,1364,7092
AL,01033,Colbert,6912,13694
AL,01043,Cullman,3359,25245
AL,01049,DeKalb,3699,17469
AL,01055,Etowah,9005,25387
AL,01057,Fayette,1493,5851
AL,01059,Franklin,1866,6850
AL,01071,Jackson,3522,12049
AL,01075,Lamar,824,4532
AL,01079,Lawrence,3183,8605
AL,01093,Marion,1273,8570
AL,01095,Marshall,4271,22915
AL,01125,Tuscaloosa,5456,17539
AL,01127,Walker,4111,18897
AL,01133,Winston,829,6836
GA,13089,DeKalb,183506,44814
MO,29009,Barry,2558,9261
MO,29043,Christian,9509,25190
MO,29077,Greene,46680,63816
MO,29097,Jasper,10465,28146
MO,29109,Lawrence,3184,10067
MO,29119,McDonald,1209,5136
MO,29145,Newton,4799,16819
MO,29167,Polk,2626,8586
MO,29209,Stone,2948,11328
MO,29213,Taney,4357,15560
PA,42101,Philadelphia,477118,70092
VA,51510,Alexandria,52006,13569
VA,51013,Arlington,84506,22046
VA,51610,Falls Church,5761,1410
AZ,04001,Apache,16905,8078
AZ,04005,Coconino,35864,18780
AZ,04007,Gila,7532,12606
AZ,04009,Graham,3658,6886
AZ,04011,Greenlee,1160,1379
AZ,04013,Maricopa,717486,669907
AZ,04015,Mohave,17053,52567
AZ,04017,Navajo,18018,18331
AZ,04019,Pima,223379,161311
AZ,04021,Pinal,49938,65135
AZ,04025,Yavapai,38846,67289
NJ,34013,Essex,196257,42875
NJ,34027,Morris,112984,98307
NJ,34031,Passaic,94275,49452
NJ,34037,Sussex,26821,32783
AZ,04003,Cochise,18539,26198
NC,37003,Alexander,3359,10484
NC,37005,Alleghany,1209,3359
NC,37009,Ashe,3823,7954
NC,37011,Avery,1545,4945
NC,37067,Forsyth,77054,60303
NC,37169,Stokes,4065,13094
NC,37171,Surry,6270,17735
NC,37189,Watauga,13811,10690
NC,37193,Wilkes,5430,17468
NC,37197,Yadkin,2502,10822
AL,01001,Autauga,6221,13400
AL,01005,Barbour,4162,4191
AL,01011,Bullock,2830,850
AL,01013,Butler,3693,4414
AL,01031,Coffee,4142,11754
AL,01035,Conecuh,2463,2391
AL,01039,Covington,2363,9617
AL,01041,Crenshaw,1770,3579
AL,01045,Dale,4261,9927
AL,01051,Elmore,8292,21018
AL,01061,Geneva,1544,7365
AL,01067,Henry,2253,4418
AL,01069,Houston,9957,22077
AL,01101,Montgomery,35370,26257
AL,01109,Pike,4556,5799
TX,48027,Bell,38058,46859
TX,48035,Bosque,1294,5664
TX,48053,Burnet,4138,13987
TX,48099,Coryell,4859,10705
TX,48193,Hamilton,509,2758
TX,48209,Hays,43209,33199
TX,48217,Hill,2329,8887
TX,48251,Johnson,11416,39618
TX,48281,Lampasas,1502,5860
TX,48425,Somervell,577,3008
TX,48453,Travis,340346,125187
MO,29510,St. Louis City,92718,16391
MO,29189,St. Louis County,270673,174661
MT,30001,Beaverhead,1681,3113
MT,30003,Big Horn,2865,1705
MT,30005,Blaine,1742,1173
MT,30007,Broadwater,897,2249
MT,30009,Carbon,2442,3450
MT,30011,Carter,100,636
MT,30013,Cascade,15826,17219
MT,30015,Chouteau,1071,1515
MT,30017,Custer,1638,3085
MT,30019,Daniels,240,684
MT,30021,Dawson,1128,2811
MT,30023,Deer Lodge,2693,1379
MT,30025,Fallon,226,1025
MT,30027,Fergus,1752,3915
MT,30029,Flathead,18051,28450
MT,30031,Gallatin,31297,23157
MT,30033,Garfield,55,606
MT,30035,Glacier,3564,1307
MT,30037,Golden Valley,108,323
MT,30039,Granite,609,1133
MT,30041,Hill,3315,2834
MT,30043,Jefferson,2621,4016
MT,30045,Judith Basin,311,849
MT,30047,Lake,6416,7013
MT,30049,Lewis and Clark,18798,15686
MT,30051,Liberty,299,653
MT,30053,Lincoln,2628,6453
MT,30057,Madison,1667,3159
MT,30055,McCone,194,813
MT,30059,Meagher,264,680
MT,30061,Mineral,702,1286
MT,30063,Missoula,39416,20567
MT,30065,Musselshell,502,1833
MT,30067,Park,4741,4711
MT,30069,Petroleum,46,259
MT,30071,Phillips,451,1588
MT,30073,Pondera,1004,1607
MT,30075,Powder River,172,785
MT,30077,Powell,859,1806
MT,30079,Prairie,149,484
MT,30081,Ravalli,8289,14495
MT,30083,Richland,962,3260
MT,30085,Roosevelt,1865,1476
MT,30087,Rosebud,1349,1918
MT,30089,Sanders,1853,4077
MT,30091,Sheridan,661,1087
MT,30093,Silver Bow,10822,5032
MT,30095,Stillwater,1350,3373
MT,30097,Sweet Grass,580,1475
MT,30099,Teton,1117,1959
MT,30101,Toole,542,1310
MT,30103,Treasure,95,308
MT,30105,Valley,1256,2442
MT,30107,Wheatland,277,631
MT,30109,Wibaux,114,402
MT,30111,Yellowstone,29612,37399
CA,06003,Alpine,420,199
CA,06005,Amador,7206,10285
CA,06009,Calaveras,9006,12518
CA,06017,El Dorado,41155,48034
CA,06039,Madera,15400,22977
CA,06043,Mariposa,3513,4713
CA,06109,Tuolumne,10596,13221
NY,36119,Westchester,260243,11564
NV,32003,Clark,363616,252990
NV,32009,Esmeralda,54,290
NV,32017,Lincoln,304,1538
NV,32019,Lyon,5523,14967
NV,32021,Mineral,646,1006
NV,32023,Nye,4960,11160
NV,32033,White Pine,711,2332
CA,06079,San Luis Obispo,68115,57454
CA,06083,Santa Barbara,95865,59051
CA,06111,Ventura,183753,122351
GA,13011,Banks,676,6070
GA,13059,Clarke,29538,12930
GA,13085,Dawson,1539,9874
GA,13105,Elbert,2207,5055
GA,13111,Fannin,1845,9200
GA,13117,Forsyth,25841,66532
GA,13119,Franklin,1093,6953
GA,13123,Gilmer,2001,10322
GA,13137,Habersham,2471,12788
GA,13139,Hall,16991,49430
GA,13147,Hart,2187,7237
GA,13157,Jackson,4734,21814
GA,13187,Lumpkin,2280,9120
GA,13195,Madison,2468,9041
GA,13241,Rabun,1484,5965
GA,13257,Stephens,1705,7243
GA,13281,Towns,1110,4910
GA,13291,Union,1904,9802
GA,13311,White,1746,9547
TN,47009,Blount,12642,33361
TN,47025,Claiborne,1608,6687
TN,47057,Grainger,1084,5532
TN,47089,Jefferson,3105,11795
TN,47093,Knox,63397,100776
TN,47105,Loudon,4932,16234
TX,48013,Atascosa,7138,0
TX,48029,Bexar,324750,128838
TX,48215,Hidalgo,110161,33990
TX,48283,La Salle,861,571
TX,48311,McMullen,167,0
TX,48427,Starr,9151,0
TX,48479,Webb,42698,0
TX,48493,Wilson,7097,1315
TX,48505,Zapata,1828,0
AR,05003,Ashley,1888,4143
AR,05011,Bradley,937,1832
AR,05013,Calhoun,483,1268
AR,05019,Clark,2848,3767
AR,05025,Cleveland,535,2015
AR,05027,Columbia,2172,4091
AR,05039,Dallas,807,1279
AR,05043,Drew,1819,3432
AR,05047,Franklin,1119,4023
AR,05051,Garland,9988,21187
AR,05053,Grant,988,4463
AR,05057,Hempstead,1690,3194
AR,05059,Hot Spring,2274,6261
AR,05061,Howard,1008,2453
AR,05071,Johnson,1996,5200
AR,05073,Lafayette,716,1362
AR,05081,Little River,1097,2751
AR,05083,Logan,1156,4112
AR,05087,Madison,1426,3948
AR,05091,Miller,3087,8189
AR,05097,Montgomery,615,2162
AR,05099,Nevada,906,1562
AR,05103,Ouachita,3249,3934
AR,05109,Pike,599,2664
AR,05113,Polk,972,4958
AR,05127,Scott,442,2332
AR,05133,Sevier,734,2372
AR,05139,Union,4164,7867
AR,05149,Yell,1179,3988
IA,19001,Adair,1067,2205
IA,19003,Adams,518,1152
IA,19029,Cass,1777,3829
IA,19049,Dallas,18593,21089
IA,19071,Fremont,990,1933
IA,19077,Guthrie,1622,3159
IA,19121,Madison,2589,4749
IA,19129,Mills,2146,3941
IA,19137,Montgomery,1209,2631
IA,19145,Page,1741,3776
IA,19153,Polk,115877,82404
IA,19155,Pottawattamie,14044,18181
IA,19159,Ringgold,716,1493
IA,19173,Taylor,673,1683
IA,19175,Union,1717,2930
IA,19181,Warren,10363,12778
MA,25009,ESSEX,203590,94431
MA,25017,MIDDLESEX,379164,151057
KY,21005,Anderson,3386,6864
KY,21011,Bath,1776,2768
KY,21017,Bourbon,3123,4922
KY,21049,Clark,5418,9119
KY,21065,Estill,1471,3948
KY,21067,Fayette,72536,47735
KY,21069,Fleming,1638,3926
KY,21073,Franklin,11702,9860
KY,21113,Jessamine,7000,13199
KY,21151,Madison,13523,20367
KY,21165,Menifee,976,1800
KY,21173,Montgomery,3662,6484
KY,21181,Nicholas,924,1603
KY,21197,Powell,1671,3179
KY,21201,Robertson,296,531
KY,21209,Scott,9159,12522
KY,21237,Wolfe,1125,1450
KY,21239,Woodford,5878,6932
MO,29027,Callaway,4799,11916
MO,29051,Cole,9646,23049
MO,29071,Franklin,12847,28707
MO,29073,Gasconade,1365,4883
MO,29099,Jefferson,34326,51814
MO,29113,Lincoln,6232,14475
MO,29125,Maries,771,3089
MO,29131,Miller,1530,8129
MO,29139,Montgomery,999,3592
MO,29151,Osage,856,5094
MO,29183,St. Charles,69852,99626
MO,29219,Warren,3978,9552
NJ,34003,Bergen,210532,121579
NJ,34017,Hudson,112995,27206
PA,42011,Berks,72555,71181
PA,42029,Chester,139804,97054
MD,24001,Allegany,7393,14851
MD,24021,Frederick,53509,49373
MD,24023,Garrett,2476,8182
MD,24043,Washington,19068,29360
KY,21013,Bell,1320,6155
KY,21025,Breathitt,1367,3140
KY,21043,Carter,2787,5621
KY,21051,Clay,796,4175
KY,21063,Elliott,803,964
KY,21071,Floyd,3499,8763
KY,21095,Harlan,1395,6849
KY,21109,Jackson,372,3579
KY,21115,Johnson,1261,6518
KY,21119,Knott,1648,3484
KY,21121,Knox,1445,7630
KY,21125,Laurel,2598,13811
KY,21127,Lawrence,1240,3903
KY,21129,Lee,423,1935
KY,21131,Leslie,384,3321
KY,21133,Letcher,1749,5917
KY,21137,Lincoln,1648,5919
KY,21153,Magoffin,1422,3859
KY,21159,Martin,401,2836
KY,21147,McCreary,637,4323
KY,21175,Morgan,1152,3077
KY,21189,Owsley,288,1533
KY,21193,Perry,2332,7248
KY,21195,Pike,4328,14667
KY,21199,Pulaski,3384,18076
KY,21203,Rockcastle,666,4688
KY,21205,Rowan,2837,4603
KY,21231,Wayne,1232,5381
KY,21235,Whitley,1434,8029
ND,38001,Adams,236,878
ND,38003,Barnes,1992,2785
ND,38005,Benson,1225,909
ND,38007,Billings,76,469
ND,38009,Bottineau,806,2316
ND,38011,Bowman,253,1331
ND,38013,Burke,151,779
ND,38015,Burleigh,12623,30977
ND,38017,Cass,37664,35255
ND,38019,Cavalier,643,1216
ND,38021,Dickey,718,1375
ND,38023,Divide,290,859
ND,38025,Dunn,379,1603
ND,38027,Eddy,459,718
ND,38029,Emmons,262,1508
ND,38031,Foster,450,1132
ND,38033,Golden Valley,123,721
ND,38035,Grand Forks,13293,13137
ND,38037,Grant,210,1011
ND,38039,Griggs,407,782
ND,38041,Hettinger,184,1055
ND,38043,Kidder,235,989
ND,38045,LaMoure,674,1307
ND,38047,Logan,157,795
ND,38049,McHenry,624,1797
ND,38051,McIntosh,297,1098
ND,38053,McKenzie,812,3158
ND,38055,McLean,1307,3498
ND,38057,Mercer,746,3040
ND,38059,Morton,3742,10240
ND,38061,Mountrail,1286,2348
ND,38063,Nelson,690,879
ND,38065,Oliver,154,772
ND,38067,Pembina,963,1876
ND,38069,Pierce,541,1297
ND,38071,Ramsey,1919,2854
ND,38073,Ransom,1107,1072
ND,38075,Renville,220,913
ND,38077,Richland,2957,3853
ND,38079,Rolette,3327,1292
ND,38081,Sargent,931,962
ND,38083,Sheridan,115,635
ND,38085,Sioux,984,315
ND,38087,Slope,53,319
ND,38089,Stark,1946,9774
ND,38091,Steele,465,461
ND,38093,Stutsman,3110,5784
ND,38095,Towner,413,666
ND,38097,Traill,1610,1944
ND,38099,Walsh,1580,2723
ND,38101,Ward,6418,16046
ND,38103,Wells,476,1652
ND,38105,Williams,2074,8393
FL,12099,Palm Beach,102438,101495
TN,47021,Cheatham,4908,9081
TN,47037,Davidson,167839,67701
TN,47043,Dickson,6033,10195
CO,08003,Alamosa,2875,2977
CO,08007,Archuleta,2635,3850
CO,08021,Conejos,1547,1888
CO,08023,Costilla,1043,527
CO,08027,Custer,799,1944
CO,08029,Delta,4543,9958
CO,08033,Dolores,257,878
CO,08045,Garfield,11410,11836
CO,08051,Gunnison,5383,2991
CO,08053,Hinsdale,211,321
CO,08055,Huerfano,1638,1764
CO,08057,Jackson,138,599
CO,08067,La Plata,15556,11586
CO,08065,Lake,1645,1057
CO,08077,Mesa,21460,42483
CO,08079,Mineral,246,326
CO,08081,Moffat,842,4347
CO,08083,Montezuma,4275,6943
CO,08085,Montrose,5388,12767
CO,08091,Ouray,1826,1278
CO,08097,Pitkin,7150,2446
CO,08101,Pueblo,30541,31787
CO,08103,Rio Blanco,396,2544
CO,08105,Rio Grande,1804,2936
CO,08107,Routt,8353,4603
CO,08109,Saguache,1502,1052
CO,08111,San Juan,264,172
CO,08113,San Miguel,3032,937
WI,55001,Adams,4518,4752
WI,55011,Buffalo,3339,2587
WI,55023,Crawford,4244,2322
WI,55033,Dunn,10285,8031
WI,55035,Eau Claire,31004,17357
WI,55043,Grant,11230,8149
WI,55063,La Crosse,37782,18945
WI,55091,Pepin,1638,1462
WI,55093,Pierce,9378,8029
WI,55097,Portage,20315,13933
WI,55103,Richland,3289,2283
WI,55121,Trempealeau,7174,4998
WI,55123,Vernon,8039,4916
NY,36055,Monroe,165324,116565
SC,45083,Spartanburg,33309,58861
MA,25011,FRANKLIN,24788,5726
MA,25013,HAMPDEN,144088,68
MA,25015,HAMPSHIRE,57420,7084
MA,25021,NORFOLK,821,651
MA,25027,WORCESTER,184720,101225
FL,12005,Bay,15834,47366
FL,12013,Calhoun,925,3666
FL,12023,Columbia,6938,17560
FL,12029,Dixie,989,4750
FL,12037,Franklin,1805,3589
FL,12041,Gilchrist,1324,5991
FL,12045,Gulf,1458,4411
FL,12063,Jackson,4891,10935
FL,12065,Jefferson,3719,3568
FL,12067,Lafayette,458,2328
FL,12073,Leon,89684,48574
FL,12075,Levy,4715,12168
FL,12077,Liberty,580,2077
FL,12083,Marion,57452,95441
FL,12121,Suwannee,3472,12376
FL,12123,Taylor,1982,5879
FL,12129,Wakulla,4469,9623
FL,12133,Washington,1792,7227
MI,26099,Macomb,169744,167881
SD,46003,Aurora,443,728
SD,46005,Beadle,1983,3825
SD,46007,Bennett,438,604
SD,46009,Bon Homme,940,1674
SD,46011,Brookings,4717,6418
SD,46013,Brown,5482,8346
SD,46015,Brule,814,1231
SD,46017,Buffalo,330,172
SD,46019,Butte,836,2799
SD,46021,Campbell,108,601
SD,46023,Charles Mix,1319,2085
SD,46025,Clark,452,1150
SD,46027,Clay,2567,1906
SD,46029,Codington,3144,7129
SD,46031,Corson,557,484
SD,46033,Custer,1273,2944
SD,46035,Davison,2160,4807
SD,46037,Day,1072,1541
SD,46039,Deuel,624,1272
SD,46041,Dewey,1084,623
SD,46043,Douglas,265,1162
SD,46045,Edmunds,488,1147
SD,46047,Fall River,882,2149
SD,46049,Faulk,255,780
SD,46051,Grant,945,2121
SD,46053,Gregory,586,1484
SD,46055,Haakon,117,796
SD,46057,Hamlin,695,1939
SD,46059,Hand,429,1171
SD,46061,Hanson,536,1022
SD,46063,Harding,94,568
SD,46065,Hughes,2332,5366
SD,46067,Hutchinson,883,2281
SD,46069,Hyde,164,462
SD,46071,Jackson,370,575
SD,46073,Jerauld,312,567
SD,46075,Jones,94,420
SD,46077,Kingsbury,855,1507
SD,46079,Lake,1925,3110
SD,46081,Lawrence,3489,6868
SD,46083,Lincoln,8266,15049
SD,46085,Lyman,500,830
SD,46091,Marshall,860,1024
SD,46087,McCook,1047,1373
SD,46089,McPherson,216,798
SD,46093,Meade,2508,7160
SD,46095,Mellette,303,358
SD,46097,Miner,413,642
SD,46099,Minnehaha,29365,38017
SD,46101,Moody,1090,1622
SD,46102,Oglala Lakota,2473,336
SD,46103,Pennington,14092,25433
SD,46105,Perkins,224,1064
SD,46107,Potter,248,923
SD,46109,Roberts,1664,1915
SD,46111,Sanborn,292,678
SD,46115,Spink,958,1736
SD,46117,Stanley,377,1042
SD,46119,Sully,182,613
SD,46121,Todd,1598,506
SD,46123,Tripp,556,1814
SD,46125,Turner,1262,2467
SD,46127,Union,2152,4282
SD,46129,Walworth,528,1648
SD,46135,Yankton,3383,5191
SD,46137,Ziebach,417,340
NC,37023,Burke,9208,18524
NC,37027,Caldwell,6701,19212
NC,37039,Cherokee,2557,8191
NC,37043,Clay,1308,3717
NC,37075,Graham,838,2712
NC,37087,Haywood,9968,14712
NC,37089,Henderson,18941,29008
NC,37099,Jackson,7268,7494
NC,37113,Macon,4891,10116
NC,37115,Madison,4036,4981
NC,37111,McDowell,4244,10276
NC,37121,Mitchell,1424,4799
NC,37173,Swain,2055,3016
NC,37175,Transylvania,6516,8912
NC,37199,Yancey,3508,5625
OH,39049,Franklin,312113,167676
WA,53033,King,744912,174535
WV,54005,Boone,3357,3272
WV,54011,Cabell,14104,14813
WV,54019,Fayette,6103,5968
WV,54025,Greenbrier,5489,6459
WV,54043,Lincoln,2590,2952
WV,54045,Logan,3586,5818
WV,54053,Mason,3748,4440
WV,54047,McDowell,2101,2315
WV,54055,Mercer,6436,11265
WV,54059,Mingo,2623,4234
WV,54063,Monroe,1930,2933
WV,54067,Nicholas,3195,4579
WV,54075,Pocahontas,1201,1601
WV,54081,Raleigh,9299,14217
WV,54089,Summers,1818,2167
WV,54099,Wayne,5614,6837
WV,54101,Webster,933,1271
WV,54109,Wyoming,2213,3504
PA,42015,Bradford,5735,14305
PA,42035,Clinton,4631,7732
PA,42067,Juniata,1814,6623
PA,42081,Lycoming,12063,28866
PA,42087,Mifflin,3130,10537
PA,42097,Northumberland,9492,18896
PA,42099,Perry,4493,12576
PA,42105,Potter,1418,4809
PA,42109,Snyder,3583,9696
PA,42113,Sullivan,825,1878
PA,42115,Susquehanna,4814,10983
PA,42117,Tioga,3733,10949
PA,42119,Union,5424,8952
PA,42131,Wyoming,3567,6980
TX,48025,Bee,2862,4183
TX,48061,Cameron,50226,26632
TX,48123,De Witt,1096,4971
TX,48175,Goliad,772,2206
TX,48249,Jim Wells,5312,4327
TX,48261,Kenedy,94,64
TX,48273,Kleberg,4379,3968
TX,48489,Willacy,2868,1319
NH,33005,CHESHIRE,19784,11830
NH,33007,COOS,6008,4971
NH,33019,SULLIVAN,9200,7553
NY,36017,Chenango,7455,9282
NY,36023,Cortland,9246,7378
NY,36043,Herkimer,9512,12691
NY,36053,Madison,12809,13296
NY,36065,Oneida,41115,39192
NY,36107,Tioga,7509,10875
OR,41001,Baker,1894,6004
OR,41013,Crook,2698,8335
OR,41017,Deschutes,46924,45939
OR,41021,Gilliam,256,707
OR,41023,Grant,770,2845
OR,41025,Harney,672,2681
OR,41027,Hood River,6735,3578
OR,41029,Jackson,46142,51835
OR,41031,Jefferson,3006,5394
OR,41033,Josephine,13990,24290
OR,41035,Klamath,7126,19665
OR,41037,Lake,571,2768
OR,41045,Malheur,2121,6359
OR,41049,Morrow,934,2611
OR,41055,Sherman,200,755
OR,41059,Umatilla,7596,15332
OR,41061,Union,3281,7926
OR,41063,Wallowa,1212,2692
OR,41065,Wasco,4846,5858
OR,41069,Wheeler,177,592
IN,18039,Elkhart,20162,33499
IN,18049,Fulton,2445,4521
IN,18085,Kosciusko,6385,19682
IN,18091,LaPorte,20822,16112
IN,18099,Marshall,5486,9309
IN,18103,Miami,2929,7337
IN,18131,Pulaski,1452,2853
IN,18141,St. Joseph,53289,39649
IN,18149,Starke,3223,4308
IN,18169,Wabash,3168,8031
IL,17015,Carroll,3169,2798
IL,17057,Fulton,7870,4719
IL,17071,Henderson,1386,1278
IL,17073,Henry,10408,9034
IL,17085,JoDaviess,5111,4124
IL,17095,Knox,11203,6671
IL,17131,Mercer,3967,3037
IL,17143,Peoria,33926,31089
IL,17161,Rock Island,32765,17992
IL,17177,Stephenson,8658,7696
IL,17179,Tazewell,19984,31856
IL,17187,Warren,3353,2749
IL,17195,Whiteside,13246,8160
IL,17201,Winnebago,48710,46936
OK,40125,Pottawatomie,7844,13030
OK,40133,Seminole,2578,3956
NY,36085,Staten Island,70264,68458
CO,08001,Adams,97012,66401
CO,08005,Arapahoe,154740,108926
CO,08035,Douglas,73450,101124
VA,51043,Clarke,3037,4152
VA,51069,Frederick,12109,22064
VA,51107,Loudoun,100515,67545
VA,51683,Manassas,7794,5118
VA,51685,Manassas Park,2959,1419
VA,51840,Winchester,4924,4209
AL,01003,Baldwin,17779,59992
AL,01025,Clarke,1221,2645
AL,01053,Escambia,3763,8313
AL,01097,Mobile,60596,72498
AL,01099,Monroe,3863,4978
AL,01129,Washington,2004,4802
TX,48185,Grimes,1895,6571
TX,48225,Houston,1675,5590
TX,48289,Leon,765,5721
TX,48313,Madison,732,3046
TX,48339,Montgomery,44759,140962
TX,48407,San Jacinto,1640,7534
TX,48455,Trinity,898,4207
TX,48471,Walker,5527,11864
OH,39009,Athens,13685,8199
OH,39013,Belmont,8164,16662
OH,39019,Carroll,2851,7363
OH,39029,Columbiana,10793,25018
OH,39053,Gallia,2393,7271
OH,39059,Guernsey,3599,8964
OH,39067,Harrison,1667,4147
OH,39079,Jackson,2765,7310
OH,39081,Jefferson,8524,16055
OH,39087,Lawrence,6375,14132
OH,39105,Meigs,2139,5658
OH,39111,Monroe,1756,3484
OH,39119,Muskingum,9614,19240
OH,39121,Noble,1154,3516
OH,39145,Scioto,8142,15217
OH,39167,Washington,7447,15924
NE,31021,Burt,789,2130
NE,31023,Butler,634,2836
NE,31025,Cass,3347,7213
NE,31037,Colfax,638,1845
NE,31039,Cuming,552,2797
NE,31051,Dixon,564,1644
NE,31053,Dodge,3541,8497
NE,31109,Lancaster,59143,57568
NE,31119,Madison,2348,8124
NE,31131,Otoe,1793,4548
NE,31141,Platte,2110,8893
NE,31143,Polk,371,1711
NE,31153,Sarpy,26144,41508
NE,31155,Saunders,2467,7017
NE,31159,Seward,1824,5225
NE,31167,Stanton,388,1854
NE,31173,Thurston,851,968
NE,31177,Washington,2445,6721
MS,28023,Clarke,2070,3980
MS,28035,Forrest,9598,12932
MS,28039,George,881,6290
MS,28041,Greene,710,3047
MS,28045,Hancock,3402,10355
MS,28047,Harrison,19059,31729
MS,28059,Jackson,12985,26490
MS,28067,Jones,6385,15658
MS,28073,Lamar,4601,15171
MS,28091,Marion,2804,6114
MS,28109,Pearl River,2967,12833
MS,28111,Perry,947,3003
MS,28131,Stone,1272,4067
MS,28153,Wayne,2746,4589
CA,06047,Merced,32083,26717
IL,17197,Will,138133,102856
NY,36071,Orange,65360,54946
NY,36079,Putnam,18872,19614
IA,19007,Appanoose,2055,2770
IA,19031,Cedar,4098,3725
IA,19039,Clarke,1525,1939
IA,19045,Clinton,9864,7725
IA,19051,Davis,1389,1646
IA,19053,Decatur,1122,1651
IA,19057,Des Moines,8546,6138
IA,19087,Henry,3211,3950
IA,19099,Jasper,7519,7622
IA,19101,Jefferson,4201,2644
IA,19103,Johnson,49010,16998
IA,19107,Keokuk,1574,2377
IA,19111,Lee,6515,5578
IA,19115,Louisa,1679,2031
IA,19117,Lucas,1295,2106
IA,19123,Mahaska,2712,5489
IA,19125,Marion,5630,8796
IA,19135,Monroe,1294,1717
IA,19139,Muscatine,7797,6569
IA,19163,Scott,38282,29012
IA,19177,Van Buren,1197,1634
IA,19179,Wapello,5775,5169
IA,19183,Washington,4272,4595
IA,19185,Wayne,884,1406
MS,28001,Adams,6156,4535
MS,28005,Amite,2000,3318
MS,28031,Covington,2674,4098
MS,28037,Franklin,1097,2038
MS,28049,Hinds,58143,6009
MS,28061,Jasper,3416,2931
MS,28065,Jeff Davis,2872,1921
MS,28069,Kemper,2541,979
MS,28075,Lauderdale,8952,14046
MS,28077,Lawrence,1810,3233
MS,28085,Lincoln,3664,8705
MS,28089,Madison,16183,22221
MS,28099,Neshoba,2860,5085
MS,28101,Newton,2212,4994
MS,28103,Noxubee,3026,889
MS,28105,Oktibbeha,7053,7084
MS,28113,Pike,6051,6559
MS,28121,Rankin,11346,39779
MS,28123,Scott,3148,4683
MS,28127,Simpson,3009,5861
MS,28129,Smith,1383,4527
MS,28147,Walthall,2069,2994
MS,28157,Wilkinson,1859,962
OK,40001,Adair,1529,3362
OK,40005,Atoka,818,3067
OK,40013,Bryan,3103,7711
OK,40021,Cherokee,6292,6745
OK,40023,Choctaw,1029,2827
OK,40029,Coal,494,1242
OK,40035,Craig,1272,3281
OK,40041,Delaware,3380,9030
OK,40061,Haskell,935,2630
OK,40063,Hughes,1123,2423
OK,40069,Johnston,746,2127
OK,40077,Latimer,869,1985
OK,40079,LeFlore,3417,8813
OK,40095,Marshall,1031,3171
OK,40097,Mayes,3702,8534
OK,40089,McCurtain,1661,5623
OK,40091,McIntosh,2306,4017
OK,40101,Muskogee,7915,10724
OK,40105,Nowata,751,2533
OK,40107,Okfuskee,987,1925
OK,40111,Okmulgee,4136,6376
OK,40115,Ottawa,2850,5116
OK,40121,Pittsburg,3775,8954
OK,40127,Pushmataha,794,2370
OK,40135,Sequoyah,3420,7548
IL,17091,Kankakee,16363,20032
CT,09001,FAIRFIELD,213102,137098
CT,09003,HARTFORD,216538,118758
CT,09005,LITCHFIELD,41280,42334
CT,09009,NEW HAVEN,197520,120797
IN,18005,Bartholomew,9607,16161
IN,18029,Dearborn,4277,13434
IN,18031,Decatur,2007,6692
IN,18035,Delaware,18480,18072
IN,18041,Fayette,2163,5104
IN,18047,Franklin,1414,5581
IN,18059,Hancock,9096,20099
IN,18065,Henry,4999,10090
IN,18077,Jefferson,4235,6766
IN,18079,Jennings,2502,6416
IN,18115,Ohio,679,1657
IN,18135,Randolph,2224,5441
IN,18137,Ripley,2165,6901
IN,18139,Rush,1572,4244
IN,18143,Scott,2995,4536
IN,18145,Shelby,4046,9966
IN,18155,Switzerland,870,1963
IN,18161,Union,636,1819
IN,18177,Wayne,7130,11697
MS,28007,Attala,2919,0
MS,28011,Bolivar,7898,0
MS,28015,Carroll,1738,0
MS,28021,Claiborne,2895,0
MS,28027,Coahoma,4987,0
MS,28029,Copiah,6164,0
MS,28043,Grenada,4166,0
MS,28051,Holmes,4829,0
MS,28053,Humphreys,2552,0
MS,28055,Issaquena,344,0
MS,28063,Jefferson,2717,0
MS,28079,Leake,3313,0
MS,28083,Leflore,6357,0
MS,28097,Montgomery,1962,0
MS,28107,Panola,6514,0
MS,28119,Quitman,1803,0
MS,28125,Sharkey,1365,0
MS,28133,Sunflower,5776,0
MS,28135,Tallahatchie,2839,0
MS,28143,Tunica,1980,0
MS,28149,Warren,8288,0
MS,28151,Washington,10461,0
MS,28161,Yalobusha,2495,0
MS,28163,Yazoo,4365,0
MD,24009,Calvert,18891,18996
MD,24017,Charles,46354,16847
MD,24033,Prince George's,286896,23663
MD,24037,St. Mary's,18859,20109
FL,12069,Lake,60849,92949
MN,27019,Carver,22149,28445
PA,42017,Bucks,141577,152461
PA,42091,Montgomery,242027,137736
MS,28003,Alcorn,1908,8233
MS,28009,Benton,1160,1618
MS,28013,Calhoun,1303,3332
MS,28017,Chickasaw,2545,3372
MS,28019,Choctaw,827,2171
MS,28025,Clay,4149,3508
MS,28033,DeSoto,17258,33118
MS,28057,Itawamba,756,6094
MS,28071,Lafayette,7018,9357
MS,28081,Lee,7254,18188
MS,28087,Lowndes,8852,10832
MS,28093,Marshall,5880,5388
MS,28095,Monroe,3865,7894
MS,28115,Pontotoc,1629,8019
MS,28117,Prentiss,1433,5765
MS,28137,Tate,2847,5781
MS,28139,Tippah,1322,5579
MS,28141,Tishomingo,1117,4982
MS,28145,Union,1304,6974
MS,28155,Webster,724,3197
MS,28159,Winston,2941,4051
MA,25025,SUFFOLK,13926,6248
FL,12009,Brevard,112989,167649
FL,12061,Indian River,27005,46744
FL,12001,Alachua,70937,43579
FL,12007,Bradford,2460,7983
FL,12019,Clay,26019,66733
FL,12107,Putnam,8494,19490
FL,12125,Union,899,3964
CT,09007,MIDDLESEX,47044,29973
MO,29017,Bollinger,764,3965
MO,29023,Butler,2616,11060
MO,29031,Cape Girardeau,8048,23687
MO,29035,Carter,401,1870
MO,29055,Crawford,1967,6388
MO,29065,Dent,948,4988
MO,29067,Douglas,907,4489
MO,29069,Dunklin,1857,5978
MO,29091,Howell,2766,11434
MO,29093,Iron,1078,2370
MO,29123,Madison,998,3221
MO,29133,Mississippi,1025,2716
MO,29143,New Madrid,1520,4093
MO,29149,Oregon,816,2896
MO,29153,Ozark,722,3183
MO,29155,Pemiscot,1455,2985
MO,29157,Perry,1522,5578
MO,29161,Phelps,4716,10977
MO,29179,Reynolds,594,1892
MO,29181,Ripley,838,3526
MO,29201,Scott,3199,10896
MO,29203,Shannon,714,2433
MO,29187,St. Francois,7052,14051
MO,29186,Ste. Genevieve,2880,4252
MO,29207,Stoddard,1683,8981
MO,29215,Texas,1626,7487
MO,29221,Washington,2061,4943
MO,29223,Wayne,910,3733
MO,29229,Wright,1107,5528
FL,12101,Pasco,80624,124959
TX,48491,Williamson,103155,99648
NY,36037,Genesee,8706,11475
NY,36051,Livingston,11520,12036
NY,36069,Ontario,22696,20475
NY,36073,Orleans,4762,7579
NY,36121,Wyoming,4608,8281
NC,37135,Orange,52209,12868
MN,27009,Benton,5800,10081
MN,27141,Sherburne,13271,25665
MN,27171,Wright,20113,38769
CA,06055,Napa,41640,0
CA,06097,Sonoma,160389,20028
PA,42045,Delaware,154477,94817
MA,25003,BERKSHIRE,45739,0
AZ,04023,Santa Cruz,9109,4314
AZ,04027,Yuma,20307,22937
TX,48005,Angelina,6706,19231
TX,48183,Gregg,10564,24812
TX,48203,Harrison,5959,16273
TX,48347,Nacogdoches,7075,13701
TX,48365,Panola,1559,7105
TX,48401,Rusk,3374,12666
TX,48403,Sabine,487,3421
TX,48405,San Augustine,726,2247
TX,48419,Shelby,1467,5998
TX,48423,Smith,21606,53983
TX,48459,Upshur,2243,11484
TX,48047,Brooks,1508,338
TX,48131,Duval,3022,808
TX,48187,Guadalupe,19031,33508
TX,48247,Jim Hogg,1163,243
TX,48255,Karnes,1423,2563
TX,48297,Live Oak,614,2949
OH,39041,Delaware,41782,52022
OH,39089,Licking,26192,41691
OH,39117,Morrow,3736,9185
PA,42051,Fayette,17115,23182
PA,42059,Greene,4957,7267
PA,42125,Washington,33601,45313
PA,42129,Westmoreland,59841,85605
TX,48071,Chambers,2787,12334
TX,48199,Hardin,2610,17481
TX,48241,Jasper,2213,9572
TX,48291,Liberty,4301,16109
TX,48351,Newton,996,3654
TX,48361,Orange,4807,21373
TX,48373,Polk,3768,12939
TX,48457,Tyler,1047,6058
TX,48121,Denton,122377,165109
IL,17093,Kendall,24484,20361
AZ,04012,La Paz,1399,3533
RI,44003,KENT,41046,25842
RI,44009,WASHINGTON,35836,19643
CA,06029,Kern,79859,121953
CA,06031,Kings,11566,18725
VA,51009,Amherst,4217,8326
VA,51015,Augusta,8371,21412
VA,51017,Bath,526,1216
VA,51023,Botetourt,4258,11261
VA,51530,Buena Vista,564,1191
VA,51660,Harrisonburg,9130,4562
VA,51091,Highland,382,800
VA,51678,Lexington,1431,697
VA,51680,Lynchburg,13191,13579
VA,51139,Page,2372,5898
VA,51161,Roanoke,16124,25790
VA,51770,Roanoke City,19669,11538
VA,51163,Rockbridge,3310,6059
VA,51165,Rockingham,9754,21876
VA,51171,Shenandoah,5269,11211
VA,51790,Staunton,5422,4182
VA,51187,Warren,5031,9190
VA,51820,Waynesboro,3840,3875
NE,31055,Douglas,105428,98922
NC,37025,Cabarrus,32440,41512
NC,37093,Hoke,7874,5152
NC,37123,Montgomery,3612,5505
NC,37125,Moore,15402,24883
NC,37167,Stanly,5990,16414
TN,47003,Bedford,3045,8715
TN,47007,Bledsoe,975,2895
TN,47051,Franklin,4130,8970
TN,47061,Grundy,964,2488
TN,47103,Lincoln,2155,8136
TN,47115,Marion,2714,6158
TN,47117,Marshall,2672,6313
TN,47119,Maury,10672,19886
TN,47121,Meigs,836,2476
TN,47127,Moore,518,1890
TN,47143,Rhea,2062,6719
TN,47149,Rutherford,39134,49922
TN,47153,Sequatchie,1168,3438
TN,47175,Van Buren,539,1413
TN,47177,Warren,3452,6662
PA,42025,Carbon,8902,13448
PA,42037,Columbia,9825,12690
PA,42075,Lebanon,17526,31414
PA,42079,Luzerne,53554,53921
PA,42093,Montour,3076,3915
PA,42107,Schuylkill,18510,29946
OH,39027,Clinton,3421,11141
OH,39045,Fairfield,19909,38531
OH,39047,Fayette,2069,6241
OH,39073,Hocking,3084,6569
OH,39097,Madison,3535,10040
OH,39115,Morgan,1372,3628
OH,39127,Perry,3145,8127
OH,39129,Pickaway,4958,14482
OH,39141,Ross,8228,14621
OH,39163,Vinton,1199,2782
CA,06099,Stanislaus,81392,75346
TX,48019,Bandera,1896,7519
TX,48031,Blanco,1514,4157
TX,48091,Comal,16326,43915
TX,48171,Gillespie,2487,9796
TX,48259,Kendall,4188,15191
TX,48265,Kerr,5212,16539
TX,48385,Real,252,1279
IL,17001,Adams,5972,18421
IL,17009,Brown,350,1541
IL,17017,Cass,1314,3195
IL,17067,Hancock,1928,5062
IL,17107,Logan,2443,7574
IL,17123,Marshall,1348,3375
IL,17125,Mason,1633,3602
IL,17109,McDonough,4002,6171
IL,17113,McLean,31232,36168
IL,17129,Menard,1323,4033
IL,17137,Morgan,3342,8351
IL,17149,Pike,1392,5050
IL,17167,Sangamon,36533,49205
IL,17169,Schuyler,862,2242
IL,17171,Scott,410,1630
IL,17175,Stark,559,1497
IL,17203,Woodford,4576,11656
ID,16005,Bannock,12423,16370
ID,16007,Bear Lake,291,1844
ID,16011,Bingham,3054,9927
ID,16013,Blaine,6764,3670
ID,16019,Bonneville,9446,25370
ID,16023,Butte,175,836
ID,16025,Camas,133,392
ID,16029,Caribou,323,1916
ID,16031,Cassia,1027,5067
ID,16033,Clark,32,217
ID,16037,Custer,453,1609
ID,16039,Elmore,1991,4933
ID,16041,Franklin,399,3396
ID,16043,Fremont,751,3981
ID,16047,Gooding,958,3414
ID,16051,Jefferson,1183,7379
ID,16053,Jerome,1299,4000
ID,16059,Lemhi,802,2608
ID,16063,Lincoln,350,1111
ID,16065,Madison,1410,7292
ID,16067,Minidoka,1081,4004
ID,16071,Oneida,199,1292
ID,16077,Power,648,1537
ID,16081,Teton,2503,2244
ID,16083,Twin Falls,6865,17246
OR,41003,Benton,30220,12054
OR,41005,Clackamas,108649,80872
OR,41041,Lincoln,14223,8857
OR,41047,Marion,63916,57074
OR,41053,Polk,18367,17241
OR,41057,Tillamook,6802,5718
PA,42069,Lackawanna,53467,30361
PA,42089,Monroe,30515,23971
PA,42103,Pike,8711,12030
PA,42127,Wayne,7550,12540
GA,13063,Clayton,51919,7129
GA,13097,Douglas,33005,21509
LA,22051,Jefferson,56695,58648
LA,22071,Orleans,108050,9338
LA,22075,Plaquemines,2119,5901
LA,22087,St. Bernard,3467,7255
LA,22103,St. Tammany,22665,70352
KS,20001,Allen,1529,2530
KS,20003,Anderson,770,1785
KS,20005,Atchison,2100,3031
KS,20011,Bourbon,1430,3172
KS,20013,Brown,1006,2137
KS,20021,Cherokee,2130,4405
KS,20031,Coffey,893,2310
KS,20037,Crawford,5684,6148
KS,20043,Doniphan,598,1887
KS,20045,Douglas,35497,12033
KS,20059,Franklin,3207,5478
KS,20085,Jackson,1834,3059
KS,20087,Jefferson,3041,4008
KS,20099,Labette,2316,3524
KS,20103,Leavenworth,10792,14056
KS,20107,Linn,885,2656
KS,20117,Marshall,1216,2286
KS,20125,Montgomery,2663,6719
KS,20131,Nemaha,1136,3142
KS,20133,Neosho,1765,3183
KS,20139,Osage,2195,3679
KS,20177,Shawnee,38116,28276
KS,20205,Wilson,763,2031
KS,20207,Woodson,293,803
WV,54001,Barbour,1453,3425
WV,54009,Brooke,2298,5360
WV,54017,Doddridge,456,1747
WV,54021,Gilmer,595,1355
WV,54023,Grant,625,3057
WV,54029,Hancock,2955,6960
WV,54033,Harrison,8544,13849
WV,54049,Marion,7923,11005
WV,54051,Marshall,2830,7825
WV,54057,Mineral,2287,6580
WV,54061,Monongalia,17047,14045
WV,54069,Ohio,4848,10992
WV,54073,Pleasants,645,1820
WV,54077,Preston,3232,6912
WV,54085,Ritchie,564,2596
WV,54091,Taylor,1758,3523
WV,54093,Tucker,1045,2057
WV,54095,Tyler,596,2208
WV,54103,Wetzel,1481,3343
WV,54107,Wood,9035,19338
FL,12015,Charlotte,32617,53387
FL,12027,DeSoto,3253,5557
FL,12043,Glades,1184,2598
FL,12049,Hardee,1903,4428
FL,12055,Highlands,13299,25913
FL,12093,Okeechobee,3415,7665
TN,47023,Chester,1149,4076
TN,47039,Decatur,898,2803
TN,47055,Giles,2395,6045
TN,47069,Hardeman,3236,3828
TN,47071,Hardin,1610,6364
TN,47077,Henderson,1652,6646
TN,47081,Hickman,1872,4760
TN,47083,Houston,845,1803
TN,47085,Humphreys,1824,3824
TN,47099,Lawrence,2787,8813
TN,47101,Lewis,983,2844
TN,47109,McNairy,1836,6135
TN,47125,Montgomery,19269,28528
TN,47135,Perry,505,1558
TN,47161,Stewart,1017,3071
TN,47181,Wayne,679,3292
TN,47187,Williamson,34862,67010
KS,20007,Barber,297,1452
KS,20015,Butler,7568,16302
KS,20019,Chautauqua,205,925
KS,20033,Comanche,133,582
KS,20035,Cowley,3624,6861
KS,20047,Edwards,252,896
KS,20049,Elk,185,861
KS,20073,Greenwood,502,1610
KS,20077,Harper,417,1601
KS,20079,Harvey,5525,8007
KS,20095,Kingman,698,2267
KS,20097,Kiowa,141,789
KS,20145,Pawnee,606,1621
KS,20151,Pratt,914,2311
KS,20173,Sedgwick,75049,92063
KS,20185,Stafford,310,1307
KS,20191,Sumner,2453,5523
LA,22001,Acadia,3828,16376
LA,22019,Calcasieu,20459,38206
LA,22023,Cameron,254,2109
LA,22045,Iberia,7231,14247
LA,22053,Jeff Davis,2130,6995
LA,22055,Lafayette,25734,50626
LA,22099,St. Martin,5629,12968
LA,22101,St. Mary,5763,11330
LA,22113,Vermilion,3466,14513
CO,08031,Denver,239280,57186
AR,05029,Conway,2443,3910
AR,05045,Faulkner,13737,23702
AR,05105,Perry,1047,2568
AR,05119,Pulaski,80138,52467
AR,05125,Saline,12321,28284
AR,05141,Van Buren,1603,4525
AR,05145,White,4846,16669
MA,25001,BARNSTABLE,72289,45535
MA,25005,BRISTOL,40790,22444
MA,25007,DUKES,7916,2157
MA,25019,NANTUCKET,3778,1516
MA,25023,PLYMOUTH,68451,60087
FL,12087,Monroe,16671,19307
FL,12003,Baker,1966,8448
FL,12039,Gadsden,14612,5356
FL,12047,Hamilton,1756,2746
FL,12079,Madison,3456,4101
TX,48041,Brazos,24367,38075
TX,48051,Burleson,1351,5147
TX,48145,Falls,1381,3251
TX,48161,Freestone,1304,5248
TX,48287,Lee,1215,4466
TX,48293,Limestone,1578,5242
TX,48309,McLennan,25906,47727
TX,48331,Milam,1906,5959
TX,48395,Robertson,1838,4348
GA,13005,Bacon,485,3260
GA,13025,Brantley,529,5084
GA,13029,Bryan,4307,10585
GA,13039,Camden,5725,11167
GA,13049,Charlton,808,2520
GA,13051,Chatham,59674,42901
GA,13065,Clinch,513,1688
GA,13101,Echols,122,1001
GA,13127,Glynn,11429,20846
GA,13179,Liberty,9458,5764
GA,13183,Long,1335,2609
GA,13185,Lowndes,532,844
GA,13191,McIntosh,2068,3251
GA,13229,Pierce,741,6074
GA,13299,Ware,3009,7907
GA,13305,Wayne,1974,8044
TX,48157,Fort Bend,135149,103712
OH,39061,Hamilton,185031,150404
OH,39165,Warren,32228,65775
IN,18001,Adams,2842,8322
IN,18003,Allen,54759,70954
IN,18009,Blackford,1114,2712
IN,18033,DeKalb,4027,9906
IN,18069,Huntington,3390,9665
IN,18075,Jay,1867,4408
IN,18087,LaGrange,1959,5685
IN,18113,Noble,3865,9841
IN,18151,Steuben,3710,8474
IN,18179,Wells,2489,8405
IN,18183,Whitley,3419,9898
PA,42071,Lancaster,89167,113788
NY,36019,Clinton,13311,13232
NY,36031,Essex,7250,7089
NY,36033,Franklin,6841,7273
NY,36035,Fulton,5564,11293
NY,36041,Hamilton,918,1833
NY,36045,Jefferson,10809,18810
NY,36049,Lewis,2566,6338
NY,36089,Saint Lawrence,15002,17842
NY,36113,Warren,12470,13313
NY,36115,Washington,8411,11892
HI,15001,Hawaii,45237,12138
HI,15007,Kauai,19694,4580
HI,15009,Maui,39906,8716
IL,17037,DeKalb,19739,16521
VA,51005,Alleghany,1892,3563
VA,51021,Bland,505,1950
VA,51520,Bristol,1751,3521
VA,51027,Buchanan,1824,4149
VA,51035,Carroll,2551,8052
VA,51580,Covington,755,1024
VA,51045,Craig,529,1670
VA,51051,Dickenson,1631,2864
VA,51063,Floyd,2512,4237
VA,51640,Galax,658,1173
VA,51071,Giles,1933,4714
VA,51077,Grayson,1543,4187
VA,51105,Lee,1735,5104
VA,51690,Martinsville,2865,1673
VA,51121,Montgomery,19969,15506
VA,51720,Norton,416,684
VA,51141,Patrick,1620,5071
VA,51155,Pulaski,4056,8021
VA,51750,Radford,2978,2103
VA,51167,Russell,2695,6283
VA,51775,Salem,3890,6008
VA,51169,Scott,1687,5865
VA,51173,Smyth,2825,6843
VA,51185,Tazewell,2732,10643
VA,51191,Washington,6001,14490
VA,51195,Wise,2955,8022
VA,51197,Wythe,2868,7829
NV,32510,Carson City,8983,13624
NV,32001,Churchill,1983,7506
NV,32005,Douglas,8093,17734
NV,32007,Elko,2965,12069
NV,32011,Eureka,89,658
NV,32013,Humboldt,1164,4322
NV,32015,Lander,376,1692
NV,32027,Pershing,377,1369
NV,32029,Storey,722,1608
NV,32031,Washoe,90706,94862
OK,40003,Alfalfa,248,1547
OK,40007,Beaver,187,1608
OK,40009,Beckham,982,4720
OK,40011,Blaine,628,2310
OK,40015,Caddo,2308,5021
OK,40025,Cimarron,67,730
OK,40039,Custer,1902,6359
OK,40043,Dewey,202,1557
OK,40045,Ellis,180,1295
OK,40047,Garfield,4203,13086
OK,40053,Grant,350,1346
OK,40055,Greer,346,1122
OK,40057,Harmon,182,559
OK,40059,Harper,126,1080
OK,40065,Jackson,1391,5038
OK,40071,Kay,3683,9231
OK,40073,Kingfisher,687,4395
OK,40075,Kiowa,656,2055
OK,40081,Lincoln,2687,8520
OK,40083,Logan,4246,11456
OK,40093,Major,339,2390
OK,40103,Noble,879,3078
OK,40113,Osage,5514,9723
OK,40117,Pawnee,1397,3475
OK,40119,Payne,8547,13993
OK,40129,Roger Mills,177,1331
OK,40139,Texas,677,3439
OK,40149,Washita,650,3148
OK,40151,Woods,509,2324
OK,40153,Woodward,924,4959
CO,08009,Baca,320,1543
CO,08011,Bent,651,1208
CO,08017,Cheyenne,130,853
CO,08025,Crowley,412,980
CO,08039,Elbert,3404,11170
CO,08061,Kiowa,96,671
CO,08063,Kit Carson,515,2559
CO,08071,Las Animas,2999,3231
CO,08073,Lincoln,373,1708
CO,08075,Logan,1863,6667
CO,08087,Morgan,2927,7680
CO,08089,Otero,2892,4558
CO,08095,Phillips,398,1634
CO,08099,Prowers,1097,3036
CO,08115,Sedgwick,269,935
CO,08121,Washington,275,2129
CO,08123,Weld,47727,77310
CO,08125,Yuma,655,3440
WI,55059,Kenosha,33130,31784
WI,55101,Racine,39337,44412
WI,55105,Rock,19256,14525
IN,18089,Lake,109835,51861
IN,18127,Porter,37801,26691
UT,49001,Beaver,277,1769
UT,49011,Davis,31904,79999
UT,49017,Garfield,427,1670
UT,49021,Iron,2919,11945
UT,49025,Kane,798,2200
UT,49027,Millard,491,3992
UT,49031,Piute,60,621
UT,49041,Sevier,759,6282
UT,49045,Tooele,6142,14160
UT,49053,Washington,12954,44026
UT,49055,Wayne,286,1020
GA,13007,Baker,649,606
GA,13021,Bibb,27750,10908
GA,13037,Calhoun,1287,586
GA,13053,Chattahoochee,541,546
GA,13061,Clay,729,438
GA,13079,Crawford,1507,3351
GA,13081,Crisp,3103,3802
GA,13087,Decatur,3874,5139
GA,13093,Dooly,2021,1649
GA,13095,Dougherty,22647,8431
GA,13099,Early,2135,1957
GA,13131,Grady,3136,5148
GA,13177,Lee,4145,9270
GA,13193,Macon,2777,1354
GA,13197,Marion,1169,1720
GA,13201,Miller,670,1569
GA,13205,Mitchell,3721,3630
GA,13225,Peach,5148,5123
GA,13239,Quitman,465,449
GA,13243,Randolph,1710,1023
GA,13249,Schley,453,1449
GA,13253,Seminole,1265,1922
GA,13259,Stewart,1116,641
GA,13261,Sumter,5827,4611
GA,13263,Talbot,1814,1067
GA,13269,Taylor,1361,1894
GA,13273,Terrell,2372,1518
GA,13307,Webster,484,606
PA,42039,Crawford,11850,18301
PA,42049,Erie,60392,40470
PA,42073,Lawrence,13553,18245
PA,42085,Mercer,17842,22799
KS,20009,Barton,2179,6348
KS,20017,Chase,376,827
KS,20023,Cheyenne,155,918
KS,20025,Clark,164,673
KS,20027,Clay,1105,2050
KS,20029,Cloud,1228,2005
KS,20039,Decatur,190,922
KS,20041,Dickinson,1960,4779
KS,20051,Ellis,3334,6999
KS,20053,Ellsworth,641,1620
KS,20055,Finney,3129,5365
KS,20057,Ford,2544,4471
KS,20061,Geary,2513,3587
KS,20063,Gove,159,925
KS,20065,Graham,220,841
KS,20067,Grant,354,1440
KS,20069,Gray,332,1433
KS,20071,Greeley,66,417
KS,20075,Hamilton,116,506
KS,20081,Haskell,228,874
KS,20083,Hodgeman,154,710
KS,20089,Jewell,225,957
KS,20093,Kearny,219,855
KS,20101,Lane,123,574
KS,20105,Lincoln,278,958
KS,20109,Logan,160,992
KS,20111,Lyon,4942,5841
KS,20115,Marion,1309,3465
KS,20113,McPherson,3668,7412
KS,20119,Meade,253,1091
KS,20123,Mitchell,581,1893
KS,20127,Morris,644,1551
KS,20129,Morton,129,775
KS,20135,Ness,154,992
KS,20137,Norton,315,1535
KS,20141,Osborne,316,1172
KS,20143,Ottawa,663,1736
KS,20147,Phillips,342,1821
KS,20149,Pottawatomie,2642,7077
KS,20153,Rawlins,196,1003
KS,20155,Reno,7220,13457
KS,20157,Republic,543,1457
KS,20159,Rice,764,2331
KS,20161,Riley,10005,9644
KS,20163,Rooks,346,1767
KS,20165,Rush,267,1037
KS,20167,Russell,624,2030
KS,20169,Saline,7298,10996
KS,20171,Scott,267,1588
KS,20175,Seward,1244,2499
KS,20179,Sheridan,146,975
KS,20181,Sherman,353,1720
KS,20183,Smith,306,1287
KS,20187,Stanton,101,485
KS,20189,Stevens,168,1326
KS,20193,Thomas,549,2407
KS,20195,Trego,262,981
KS,20197,Wabaunsee,856,2239
KS,20199,Wallace,48,594
KS,20201,Washington,558,1637
KS,20203,Wichita,114,634
NE,31001,Adams,3032,7171
NE,31003,Antelope,354,2149
NE,31005,Arthur,22,208
NE,31007,Banner,53,258
NE,31009,Blaine,37,224
NE,31011,Boone,387,1903
NE,31013,Box Butte,939,2688
NE,31015,Boyd,105,824
NE,31017,Brown,159,1200
NE,31019,Buffalo,4503,11837
NE,31027,Cedar,598,2863
NE,31029,Chase,170,1390
NE,31031,Cherry,305,2056
NE,31033,Cheyenne,592,2660
NE,31035,Clay,492,2195
NE,31041,Custer,662,3955
NE,31043,Dakota,1837,2636
NE,31045,Dawes,960,2425
NE,31047,Dawson,1506,4753
NE,31049,Deuel,111,600
NE,31057,Dundy,81,693
NE,31059,Fillmore,561,1963
NE,31061,Franklin,240,1114
NE,31063,Frontier,164,881
NE,31065,Furnas,313,1819
NE,31067,Gage,2570,5680
NE,31069,Garden,152,845
NE,31071,Garfield,103,686
NE,31073,Gosper,131,705
NE,31075,Grant,12,293
NE,31077,Greeley,207,785
NE,31079,Hall,5392,11287
NE,31081,Hamilton,810,3261
NE,31083,Harlan,236,1259
NE,31085,Hayes,31,361
NE,31087,Hitchcock,149,926
NE,31089,Holt,595,3529
NE,31091,Hooker,49,263
NE,31093,Howard,565,1836
NE,31095,Jefferson,729,2239
NE,31097,Johnson,475,1258
NE,31099,Kearney,519,2111
NE,31101,Keith,563,2643
NE,31103,Keya Paha,32,355
NE,31105,Kimball,235,1147
NE,31107,Knox,693,2814
NE,31111,Lincoln,2907,9603
NE,31113,Logan,27,308
NE,31115,Loup,48,257
NE,31117,McPherson,25,233
NE,31121,Merrick,617,2740
NE,31123,Morrill,368,1737
NE,31125,Nance,292,946
NE,31127,Nemaha,671,1920
NE,31129,Nuckolls,319,1436
NE,31133,Pawnee,252,875
NE,31135,Perkins,149,1071
NE,31137,Phelps,577,3275
NE,31139,Pierce,381,2367
NE,31145,Red Willow,618,3279
NE,31147,Richardson,766,2238
NE,31149,Rock,65,590
NE,31151,Saline,1490,2691
NE,31157,Scotts Bluff,3266,7301
NE,31161,Sheridan,313,1706
NE,31163,Sherman,346,942
NE,31165,Sioux,77,461
NE,31169,Thayer,448,1778
NE,31171,Thomas,34,311
NE,31175,Valley,315,1475
NE,31179,Wayne,895,2287
NE,31181,Webster,267,1097
NE,31183,Wheeler,59,350
NE,31185,York,1093,4034
IL,17013,Calhoun,811,1447
IL,17021,Christian,3467,9452
IL,17039,DeWitt,1816,4377
IL,17061,Greene,1335,2985
IL,17083,Jersey,2786,5917
IL,17115,Macon,16242,22945
IL,17117,Macoupin,7031,10969
IL,17135,Montgomery,3961,7438
IL,17147,Piatt,2631,4985
UT,49003,Box Elder,2453,14456
UT,49005,Cache,7587,24188
UT,49009,Daggett,72,326
UT,49013,Duchesne,575,4908
UT,49029,Morgan,574,3954
UT,49033,Rich,118,908
UT,49043,Summit,10472,7437
UT,49047,Uintah,1070,8677
UT,49057,Weber,23592,44864
IN,18097,Marion,193153,112227
WA,53003,Asotin,3570,5527
WA,53013,Columbia,636,1572
WA,53019,Ferry,1232,2272
WA,53023,Garfield,333,1010
WA,53043,Lincoln,1362,4215
WA,53051,Pend Oreille,2350,4496
WA,53063,Spokane,108697,119770
WA,53065,Stevens,6961,15586
WA,53071,Walla Walla,11386,14240
WA,53075,Whitman,8953,8285
TX,48037,Bowie,7534,20443
TX,48063,Camp,1073,2778
TX,48067,Cass,1960,8217
TX,48119,Delta,310,1577
TX,48147,Fannin,1913,8624
TX,48159,Franklin,567,3319
TX,48181,Grayson,10171,32038
TX,48223,Hopkins,2315,9399
TX,48231,Hunt,6335,21267
TX,48277,Lamar,3384,12871
TX,48315,Marion,993,2484
TX,48343,Morris,1211,2959
TX,48379,Rains,678,3655
TX,48387,Red River,946,3405
TX,48397,Rockwall,10248,27775
TX,48449,Titus,2080,5748
AL,01007,Bibb,1559,5299
AL,01021,Chilton,2198,11498
AL,01037,Coosa,1439,2814
AL,01073,Jefferson,55322,96484
AL,01117,Shelby,23289,60328
GA,13135,Gwinnett,175023,135943
GA,13217,Newton,22991,19357
GA,13247,Rockdale,24318,11726
OR,41011,Coos,13116,14804
OR,41015,Curry,5070,6172
OR,41019,Douglas,18824,28379
OR,41039,Lane,116561,55535
OR,41043,Linn,22516,30214
FL,12085,Martin,27694,50235
FL,12111,St. Lucie,62281,61645
OH,39057,Greene,23284,43941
OH,39113,Montgomery,93705,108818
GA,13009,Baldwin,7441,7839
GA,13013,Barrow,6789,20241
GA,13035,Butts,2372,6336
GA,13125,Glascock,107,1148
GA,13133,Greene,2965,5949
GA,13141,Hancock,2513,912
GA,13159,Jasper,1450,4397
GA,13163,Jefferson,3403,3148
GA,13167,Johnson,908,2470
GA,13181,Lincoln,1156,2745
GA,13189,McDuffie,3358,5314
GA,13211,Morgan,2556,6826
GA,13219,Oconee,5810,14587
GA,13221,Oglethorpe,1837,4535
GA,13237,Putnam,2480,6719
GA,13265,Taliaferro,485,363
GA,13297,Walton,8501,29703
GA,13301,Warren,1141,1057
GA,13303,Washington,3876,4049
GA,13317,Wilkes,1679,2572
MO,29001,Adair,2883,5549
MO,29003,Andrew,1752,5529
MO,29005,Atchison,436,1704
MO,29021,Buchanan,10422,18471
MO,29025,Caldwell,757,2893
MO,29033,Carroll,569,3064
MO,29041,Chariton,783,2489
MO,29045,Clark,567,2045
MO,29049,Clinton,2376,5954
MO,29061,Daviess,592,2332
MO,29063,DeKalb,688,2923
MO,29075,Gentry,516,1927
MO,29079,Grundy,595,2921
MO,29081,Harrison,429,2358
MO,29087,Holt,276,1569
MO,29103,Knox,256,1277
MO,29111,Lewis,771,2664
MO,29115,Linn,1040,3523
MO,29117,Livingston,965,4107
MO,29121,Macon,1375,5041
MO,29127,Marion,2529,7911
MO,29129,Mercer,145,1182
MO,29137,Monroe,750,2792
MO,29147,Nodaway,2050,5405
MO,29163,Pike,1746,4300
MO,29165,Platte,18583,24518
MO,29171,Putnam,255,1617
MO,29173,Ralls,1008,3289
MO,29197,Schuyler,325,1255
MO,29199,Scotland,284,1285
MO,29205,Shelby,551,2113
MO,29211,Sullivan,364,1579
MO,29227,Worth,179,709
MN,27013,Blue Earth,15945,11920
MN,27015,Brown,4574,7136
MN,27039,Dodge,3782,5268
MN,27043,Faribault,2423,3891
MN,27045,Fillmore,4517,5114
MN,27047,Freeborn,6791,6996
MN,27055,Houston,4410,4526
MN,27063,Jackson,1821,2827
MN,27079,Le Sueur,5364,7348
MN,27091,Martin,3047,5612
MN,27099,Mower,7849,6662
MN,27103,Nicollet,8846,6712
MN,27105,Nobles,2907,4024
MN,27109,Olmsted,39719,30941
MN,27133,Rock,1296,2451
MN,27147,Steele,7128,9075
MN,27161,Waseca,3340,4749
MN,27165,Watonwan,1826,2254
MN,27169,Winona,12133,9078
IN,18053,Grant,5907,14026
IN,18057,Hamilton,53366,83679
IN,18095,Madison,16512,27184
IN,18159,Tipton,1409,4693
WV,54003,Berkeley,11961,20129
WV,54007,Braxton,1749,2218
WV,54013,Calhoun,776,1198
WV,54015,Clay,952,1371
WV,54027,Hampshire,1637,4934
WV,54031,Hardy,1424,2864
WV,54035,Jackson,3874,5773
WV,54037,Jefferson,9528,10307
WV,54039,Kanawha,34360,27851
WV,54041,Lewis,1997,3318
WV,54065,Morgan,1710,4074
WV,54071,Pendleton,784,1629
WV,54079,Putnam,8384,12313
WV,54083,Randolph,3949,4466
WV,54087,Roane,1738,2282
WV,54097,Upshur,2616,4606
WV,54105,Wirt,572,1171
KY,21009,Barren,3744,10812
KY,21021,Boyle,3828,6479
KY,21027,Breckinridge,1945,5573
KY,21029,Bullitt,7810,18205
KY,21031,Butler,749,3839
KY,21059,Daviess,12611,21709
KY,21061,Edmonson,911,3429
KY,21079,Garrard,1258,4416
KY,21085,Grayson,1713,6439
KY,21087,Green,669,3462
KY,21091,Hancock,1282,2240
KY,21093,Hardin,11887,20258
KY,21099,Hart,1745,4444
KY,21123,LaRue,1178,3511
KY,21163,Meade,3189,6589
KY,21167,Mercer,2413,6090
KY,21179,Nelson,5617,10150
KY,21227,Warren,13935,25029
KY,21229,Washington,1480,3204
OH,39017,Butler,50247,84891
OH,39023,Clark,19380,28223
OH,39037,Darke,3798,15683
OH,39109,Miami,11279,30197
OH,39135,Preble,3734,11999
NJ,34041,Warren,17153,22352
LA,22093,St. James,5543,0
KY,21001,Adair,1273,5624
KY,21003,Allen,1295,4943
KY,21007,Ballard,1027,2414
KY,21033,Caldwell,1474,3476
KY,21035,Calloway,4809,7818
KY,21039,Carlisle,603,1703
KY,21045,Casey,630,4141
KY,21047,Christian,6622,10261
KY,21053,Clinton,516,3311
KY,21055,Crittenden,808,2548
KY,21057,Cumberland,422,2364
KY,21075,Fulton,696,1193
KY,21083,Graves,3701,9683
KY,21101,Henderson,6247,8746
KY,21105,Hickman,521,1235
KY,21107,Hopkins,5055,11034
KY,21139,Livingston,1136,2687
KY,21141,Logan,2893,5753
KY,21143,Lyon,1169,2283
KY,21155,Marion,2750,3327
KY,21157,Marshall,4576,9780
KY,21145,McCracken,8701,15638
KY,21149,McLean,1266,2663
KY,21169,Metcalfe,1017,3300
KY,21171,Monroe,386,3843
KY,21177,Muhlenberg,4739,6249
KY,21183,Ohio,2071,5889
KY,21207,Russell,1118,6013
KY,21213,Simpson,2332,3904
KY,21217,Taylor,2456,7062
KY,21219,Todd,1280,2640
KY,21221,Trigg,1866,3910
KY,21225,Union,1964,3570
KY,21233,Webster,1361,3034
FL,12017,Citrus,22380,47839
FL,12053,Hernando,30385,49362
FL,12119,Sumter,22205,51631
WA,53007,Chelan,14903,17869
WA,53017,Douglas,5175,9632
WA,53037,Kittitas,8700,10458
WA,53011,Clark,99296,94930
WA,53015,Cowlitz,19472,24930
WA,53039,Klickitat,4802,5929
WA,53041,Lewis,10939,22875
WA,53049,Pacific,5337,5456
WA,53059,Skamania,2521,3066
WA,53069,Wahkiakum,1022,1416
TN,47019,Carter,3240,14259
TN,47029,Cocke,1513,7884
TN,47059,Greene,3686,16077
TN,47063,Hamblen,3228,12703
TN,47067,Hancock,246,1454
TN,47073,Hawkins,2783,13495
TN,47091,Johnson,869,4664
TN,47155,Sevier,5677,23483
TN,47163,Sullivan,11568,41455
TN,47171,Unicoi,1100,4782
TN,47179,Washington,12819,30067
NJ,34019,Hunterdon,28047,34017
VA,51033,Caroline,5575,5775
VA,51057,Essex,2113,2313
VA,51630,Fredericksburg,6312,3393
VA,51073,Gloucester,4818,10792
VA,51085,Hanover,18146,35497
VA,51099,King George,3618,6138
VA,51101,King William,2455,5054
VA,51097,King and Queen,1239,1728
VA,51103,Lancaster,2439,3271
VA,51115,Mathews,1378,3027
VA,51119,Middlesex,1800,3328
VA,51127,New Kent,3412,7259
VA,51133,Northumberland,2384,3892
VA,51159,Richmond,1012,1893
VA,51179,Stafford,26763,29214
VA,51193,Westmoreland,3129,3836
WY,56001,Albany,7509,5868
WY,56003,Big Horn,649,3359
WY,56005,Campbell,1680,10291
WY,56007,Carbon,1410,3234
WY,56009,Converse,806,3715
WY,56011,Crook,346,2525
WY,56013,Fremont,4534,8562
WY,56015,Goshen,1014,3513
WY,56017,Hot Springs,451,1584
WY,56019,Johnson,686,2935
WY,56021,Laramie,11871,18474
WY,56023,Lincoln,1132,5617
WY,56025,Natrona,6808,15665
WY,56027,Niobrara,136,929
WY,56029,Park,2578,8380
WY,56031,Platte,808,2618
WY,56033,Sheridan,3270,7749
WY,56035,Sublette,663,2522
WY,56037,Sweetwater,3959,7700
WY,56039,Teton,7373,3843
WY,56041,Uinta,1256,4517
WY,56043,Washakie,592,2263
WY,56045,Weston,372,2100
PA,42077,Lehigh,70000,54354
PA,42095,Northampton,59393,51888
IN,18013,Brown,3002,4169
IN,18019,Clark,19236,23751
IN,18043,Floyd,14508,17311
IN,18061,Harrison,5435,10121
IN,18071,Jackson,4481,9935
IN,18081,Johnson,18039,33664
IN,18093,Lawrence,4907,10550
IN,18105,Monroe,35575,16206
IN,18117,Orange,2278,4495
IN,18175,Washington,2970,6361
FL,12035,Flagler,21635,30583
FL,12127,Volusia,103779,122589
NM,35003,Catron,553,1264
NM,35005,Chaves,6058,10505
NM,35006,Cibola,4355,2634
NM,35011,DeBaca,292,500
NM,35013,Dona Ana,39206,21461
NM,35015,Eddy,5198,10413
NM,35017,Grant,7176,4530
NM,35019,Guadalupe,1162,505
NM,35023,Hidalgo,817,760
NM,35025,Lea,3910,9842
NM,35027,Lincoln,2812,4953
NM,35029,Luna,3198,2890
NM,35035,Otero,6873,10176
NM,35051,Sierra,2052,2611
NM,35053,Socorro,3879,2325
TX,48015,Austin,2047,8763
TX,48089,Colorado,1730,5704
TX,48149,Fayette,2029,8183
TX,48473,Waller,6048,10219
TX,48477,Washington,2912,10262
PA,42001,Adams,13291,25596
PA,42009,Bedford,3489,15311
PA,42013,Blair,12497,30851
PA,42055,Franklin,15634,39116
PA,42057,Fulton,888,4387
PA,42061,Huntingdon,4246,11570
PA,42111,Somerset,6963,21572
NY,36003,Allegany,4585,10340
NY,36009,Cattaraugus,8782,15145
NY,36013,Chautauqua,17872,25536
NY,36015,Chemung,12637,17235
NY,36097,Schuyler,3170,4250
NY,36099,Seneca,5450,6157
NY,36101,Steuben,12329,21978
NY,36109,Tompkins,28762,8916
NY,36123,Yates,3502,4679
IL,17007,Boone,7465,10530
IL,17011,Bureau,5234,8408
IL,17063,Grundy,6904,12406
IL,17075,Iroquois,1875,8401
IL,17099,LaSalle,17241,22725
IL,17103,Lee,5210,7397
IL,17105,Livingston,3286,8818
IL,17141,Ogle,6980,12147
IL,17155,Putnam,1094,1487
WA,53001,Adams,1104,3116
WA,53005,Benton,28289,46618
WA,53021,Franklin,8870,13376
WA,53025,Grant,7189,19197
WA,53047,Okanogan,6555,10084
WA,53077,Yakima,28656,41776
MI,26063,Huron,3652,8478
MI,26087,Lapeer,12442,24697
MI,26151,Sanilac,4084,10113
MI,26147,St. Clair,23719,38562
SC,45021,Cherokee,4804,11736
SC,45023,Chester,5141,5655
SC,45039,Fairfield,5732,3456
SC,45055,Kershaw,8856,14232
SC,45057,Lancaster,12696,19915
SC,45061,Lee,4179,2162
SC,45087,Union,3612,5256
SC,45091,York,38290,55212
VA,51036,Charles City,2085,1224
VA,51550,Chesapeake,21871,27865
VA,51570,Colonial Heights,1948,4357
VA,51053,Dinwiddie,4756,5705
VA,51595,Emporia,1138,626
VA,51081,Greensville,2067,1381
VA,51670,Hopewell,3803,2971
VA,51730,Petersburg,9074,1024
VA,51149,Prince George,5321,7139
VA,51760,Richmond City,73254,14005
VA,51175,Southampton,2895,3967
VA,51800,Suffolk,6587,5453
VA,51181,Surry,1944,1478
VA,51183,Sussex,2232,1619
TX,48043,Brewster,2041,1940
TX,48103,Crane,234,787
TX,48105,Crockett,333,904
TX,48109,Culberson,461,286
TX,48127,Dimmit,2020,788
TX,48137,Edwards,144,601
TX,48163,Frio,1989,1586
TX,48229,Hudspeth,386,469
TX,48243,Jeff Davis,448,706
TX,48271,Kinney,337,820
TX,48301,Loving,9,45
TX,48323,Maverick,7416,2881
TX,48325,Medina,4207,11681
TX,48371,Pecos,1311,2144
TX,48377,Presidio,1204,431
TX,48383,Reagan,150,674
TX,48389,Reeves,1313,1014
TX,48413,Schleicher,194,730
TX,48435,Sutton,240,954
TX,48443,Terrell,171,275
TX,48461,Upton,177,813
TX,48463,Uvalde,3327,4388
TX,48465,Val Verde,5544,5518
TX,48475,Ward,829,2036
TX,48495,Winkler,322,1110
TX,48507,Zavala,2270,557
TX,48017,Bailey,354,1236
TX,48033,Borden,13,325
TX,48069,Castro,381,1215
TX,48079,Cochran,125,553
TX,48107,Crosby,382,1025
TX,48151,Fisher,306,1168
TX,48165,Gaines,468,3363
TX,48169,Garza,172,1101
TX,48189,Hale,1725,5654
TX,48207,Haskell,253,1402
TX,48219,Hockley,1068,4989
TX,48227,Howard,1606,5716
TX,48253,Jones,758,4205
TX,48263,Kent,31,301
TX,48279,Lamb,635,2810
TX,48303,Lubbock,28293,62195
TX,48305,Lynn,295,1393
TX,48353,Nolan,808,3223
TX,48369,Parmer,351,1676
TX,48415,Scurry,578,3760
TX,48417,Shackelford,86,1196
TX,48433,Stonewall,92,511
TX,48441,Taylor,9199,31218
TX,48445,Terry,552,2247
TX,48447,Throckmorton,67,623
TX,48501,Yoakum,305,1592
TX,48503,Young,767,5577
OH,39169,Wayne,13421,26156
TN,47015,Cannon,1002,3043
TN,47027,Clay,702,1549
TN,47031,Coffee,4656,11452
TN,47035,Cumberland,5053,16541
TN,47041,DeKalb,1364,3697
TN,47049,Fentress,1073,4568
TN,47087,Jackson,1165,2349
TN,47111,Macon,968,4669
TN,47133,Overton,2693,3855
TN,47137,Pickett,592,1557
TN,47141,Putnam,7175,14996
TN,47147,Robertson,5739,14675
TN,47159,Smith,1331,4584
TN,47165,Sumner,17380,40194
TN,47169,Trousdale,677,1552
TN,47185,White,1924,5959
TN,47189,Wilson,15973,34757
AL,01077,Lauderdale,10288,20503
AL,01083,Limestone,10343,23141
AL,01089,Madison,66424,74838
AL,01103,Morgan,10816,28583
NY,36087,Rockland,62677,0
OH,39001,Adams,1817,6810
OH,39015,Brown,3324,11409
OH,39025,Clermont,22541,56531
OH,39071,Highland,2777,10585
OH,39131,Pike,3014,5555
AK,02000,Alaska,0,149779
NJ,34001,Atlantic,52917,39118
NJ,34009,Cape May,21595,19003
NJ,34011,Cumberland,23914,15782
NJ,34033,Salem,11005,12100
CT,09011,NEW LONDON,69343,32868
CT,09013,TOLLAND,40338,22607
CT,09015,WINDHAM,24176,16086
CA,06015,Del Norte,3920,4339
CA,06023,Humboldt,36466,15622
CA,06041,Marin,107005,20700
CA,06045,Mendocino,23839,9240
CA,06105,Trinity,2604,2647
AL,01015,Calhoun,12178,24695
AL,01017,Chambers,4777,6524
AL,01027,Clay,1051,4331
AL,01029,Cleburne,462,3950
AL,01081,Lee,21002,28268
AL,01087,Macon,5988,1235
AL,01111,Randolph,1810,5774
AL,01113,Russell,8019,7003
AL,01115,St. Clair,5589,24272
AL,01121,Talladega,10212,15963
AL,01123,Tallapoosa,4684,10998
