State,ElectionDate,MapType,District,DemocratVote,RepublicanVote,Winner
AL,2016,current,1,0.0,0.0,Tie
AL,2016,current,2,103427.00063252181,134542.77641051644,Republican
AL,2016,current,3,92786.8180472327,185675.8025697517,Republican
AL,2016,current,4,377.34616105486657,2653.187559625856,Republican
AL,2016,current,5,102188.55124845685,205476.34397956522,Republican
AL,2016,current,6,54739.27122062612,197533.12321042517,Republican
AL,2016,current,7,39062.0126901077,52128.76627011559,Republican
AL,2018,current,1,88240.51408693462,151117.6170306661,Republican
AL,2018,current,2,79929.56373810704,138291.12942053092,Republican
AL,2018,current,3,81695.56083506005,143246.2792360176,Republican
AL,2018,current,4,42424.87194878565,172844.454876064,Republican
AL,2018,current,5,101357.64093153634,158980.88454779447,Republican
AL,2018,current,6,55105.27253413382,156163.1026788889,Republican
AL,2018,current,7,44923.5759254425,55093.53221003794,Republican
AR,2016,current,1,0.0,184115.06364958233,Republican
AR,2016,current,2,111347.0,176472.0,Republican
AR,2016,current,3,0.0,215531.04171807133,Republican
AR,2016,current,4,0.0,184296.89463234635,Republican
AR,2018,current,1,57687.185911312714,138645.18937330027,Republican
AR,2018,current,2,115749.0,131760.0,Republican
AR,2018,current,3,74289.88523674892,147520.81603116897,Republican
AR,2018,current,4,63782.928851938355,136657.99459553076,Republican
AZ,2016,current,1,128502.52971613457,123165.84462473918,Democrat
AZ,2016,current,2,99593.37129086477,138631.517291914,Republican
AZ,2016,current,3,82836.91273041056,104311.34475836308,Republican
AZ,2016,current,4,81872.46193315956,180095.18033333687,Republican
AZ,2016,current,5,98156.4682898452,148493.99115783346,Republican
AZ,2016,current,6,92924.1003206888,153552.4339953873,Republican
AZ,2016,current,7,107588.08053396465,127539.28007534001,Republican
AZ,2016,current,8,93304.4191324001,151476.08448811295,Republican
AZ,2016,current,9,100935.65605253175,137112.323274973,Republican
AZ,2018,current,1,131264.54515529683,116017.8654342712,Democrat
AZ,2018,current,2,140394.25154620464,117554.155371272,Democrat
AZ,2018,current,3,129318.49812980105,98122.94590667017,Democrat
AZ,2018,current,4,87255.53694568209,166433.37650040782,Republican
AZ,2018,current,5,118935.9271675535,116772.47687189754,Democrat
AZ,2018,current,6,112595.88105000378,120750.32738726442,Republican
AZ,2018,current,7,130364.18621643013,100294.14333019262,Democrat
AZ,2018,current,8,113056.71232560118,119117.53084832258,Republican
AZ,2018,current,9,122303.46146342669,107822.17834970154,Democrat
CA,2016,current,1,126962.23103607375,187603.62468516856,Republican
CA,2016,current,2,239107.10771441885,75260.34393799701,Democrat
CA,2016,current,3,159459.39844842133,108679.8193191953,Democrat
CA,2016,current,4,130673.77131523649,213786.14025198336,Republican
CA,2016,current,5,237729.3937130626,65908.57078467635,Democrat
CA,2016,current,6,173890.58542021614,82574.20419525389,Democrat
CA,2016,current,7,151560.7232526366,116978.84397632188,Democrat
CA,2016,current,8,88682.60555628221,121196.793887609,Republican
CA,2016,current,9,139010.7299549891,99329.5879457863,Democrat
CA,2016,current,10,108477.81960378999,123425.76802966751,Republican
CA,2016,current,11,210086.47505858107,93505.58210164498,Democrat
CA,2016,current,12,261757.78736242556,6632.618667998029,Democrat
CA,2016,current,13,238581.14224855235,50320.05885643162,Democrat
CA,2016,current,14,260001.5750473768,40973.01865086375,Democrat
CA,2016,current,15,243708.41464397323,41914.75196000001,Democrat
CA,2016,current,16,99071.14899696266,93218.2288134817,Democrat
CA,2016,current,17,249622.4979714037,4744.149015942701,Democrat
CA,2016,current,18,192165.76842146477,86457.6494515304,Democrat
CA,2016,current,19,197381.0979620852,67386.9955676037,Democrat
CA,2016,current,20,186416.9754840206,81766.96318404327,Democrat
CA,2016,current,21,62751.15625811821,124291.25066494854,Republican
CA,2016,current,22,76255.6791780476,121795.9156419738,Republican
CA,2016,current,23,73236.87300361862,128463.89407848648,Republican
CA,2016,current,24,165198.54395472695,145277.13342245878,Democrat
CA,2016,current,25,149261.9815702827,66325.39823137493,Democrat
CA,2016,current,26,164947.51961576534,122657.42892834201,Democrat
CA,2016,current,27,229230.7390670522,23589.99589596456,Democrat
CA,2016,current,28,174956.70284417438,45051.44327747736,Democrat
CA,2016,current,29,154116.41099142755,54905.36526038487,Democrat
CA,2016,current,30,168063.70270160065,50291.52030254625,Democrat
CA,2016,current,31,118696.01855439968,94416.04247084021,Democrat
CA,2016,current,32,193754.39287831233,37937.619219819215,Democrat
CA,2016,current,33,164685.3141589818,54881.14103573979,Democrat
CA,2016,current,34,199255.3890714942,29940.189561581938,Democrat
CA,2016,current,35,122125.5026099354,87304.53406406421,Democrat
CA,2016,current,36,100034.34737050172,119527.52451121212,Republican
CA,2016,current,37,177060.90192335463,45865.06956940835,Democrat
CA,2016,current,38,170505.13921534637,48831.30927187907,Democrat
CA,2016,current,39,176367.51136058423,75406.64756096795,Democrat
CA,2016,current,40,127254.61124073454,68980.6314025191,Democrat
CA,2016,current,41,130023.19063004867,97774.36792588237,Democrat
CA,2016,current,42,144503.5123748698,100307.31271521306,Democrat
CA,2016,current,43,187555.39369642572,41052.05179976383,Democrat
CA,2016,current,44,149528.4324271363,58176.42180618636,Democrat
CA,2016,current,45,139729.01298327124,114895.1806896075,Democrat
CA,2016,current,46,126619.72396525851,139166.43701212187,Republican
CA,2016,current,47,182927.191504954,38435.9230764695,Democrat
CA,2016,current,48,127018.34373796574,156104.4492083627,Republican
CA,2016,current,49,123226.68049947161,176016.91346774026,Republican
CA,2016,current,50,120919.91446414674,156159.50882488393,Republican
CA,2016,current,51,167257.30687527944,93541.70398251385,Democrat
CA,2016,current,52,186158.41629411405,94057.2507463213,Democrat
CA,2016,current,53,176859.19376662432,108941.71108974538,Democrat
CA,2018,current,1,129437.96393583324,158790.27985122497,Republican
CA,2018,current,2,181176.41017822947,49728.51580023356,Democrat
CA,2018,current,3,130127.7181349397,78391.53000161152,Democrat
CA,2018,current,4,147275.16382332868,173052.35876696213,Republican
CA,2018,current,5,173610.1486035733,22363.6578986939,Democrat
CA,2018,current,6,177333.7445968598,52702.68386146046,Democrat
CA,2018,current,7,157391.41199393696,75684.37202389305,Democrat
CA,2018,current,8,53925.06580010886,118357.00927527281,Republican
CA,2018,current,9,115836.4565735079,78751.94282337632,Democrat
CA,2018,current,10,95836.5916725035,98945.37835816234,Republican
CA,2018,current,11,179867.35602627473,69611.54376379131,Democrat
CA,2018,current,12,260284.84851764023,47728.72771116219,Democrat
CA,2018,current,13,206198.4697736589,39226.989475997194,Democrat
CA,2018,current,14,238935.85424909773,39605.71142867279,Democrat
CA,2018,current,15,210407.13968242955,32573.240933871744,Democrat
CA,2018,current,16,91953.96682604217,72378.84603523053,Democrat
CA,2018,current,17,211568.72134396978,5048.7942044711135,Democrat
CA,2018,current,18,164463.2939006192,87463.85421196574,Democrat
CA,2018,current,19,165906.71880797998,75630.72693888503,Democrat
CA,2018,current,20,181328.99455155904,12539.948169684634,Democrat
CA,2018,current,21,63616.32170806205,92959.50265221414,Republican
CA,2018,current,22,80685.2133244715,88209.7498327844,Republican
CA,2018,current,23,70778.78981153705,98652.32269390776,Republican
CA,2018,current,24,155959.2463563653,113967.31932746204,Democrat
CA,2018,current,25,131865.25394379752,59809.89963817326,Democrat
CA,2018,current,26,154390.7197499299,104866.80689016332,Democrat
CA,2018,current,27,198672.5872176069,21798.963792339975,Democrat
CA,2018,current,28,152564.73277317226,41355.75460695425,Democrat
CA,2018,current,29,134391.70192758605,50401.33338966387,Democrat
CA,2018,current,30,146580.2019640735,46145.43096053481,Democrat
CA,2018,current,31,77067.03098591951,89879.5165944099,Republican
CA,2018,current,32,168956.58578703165,34825.49629239685,Democrat
CA,2018,current,33,143607.93578002427,50379.09634203378,Democrat
CA,2018,current,34,173753.5326919268,27484.116874308682,Democrat
CA,2018,current,35,86999.69946115126,82737.51633096414,Democrat
CA,2018,current,36,73685.99985650861,92101.32410842567,Republican
CA,2018,current,37,154399.62429203343,42102.63698902625,Democrat
CA,2018,current,38,149156.86644397772,44825.54822818985,Democrat
CA,2018,current,39,159537.92712689762,65859.55375071945,Democrat
CA,2018,current,40,110967.83056884777,63321.96834061297,Democrat
CA,2018,current,41,95775.51714911417,75340.06540037107,Democrat
CA,2018,current,42,106442.14077613776,77291.43449061182,Democrat
CA,2018,current,43,163550.97035034854,37684.4437565835,Democrat
CA,2018,current,44,130390.91937823976,53404.05654284789,Democrat
CA,2018,current,45,137495.64969950973,99967.39013780396,Democrat
CA,2018,current,46,124595.89343453056,121085.19625782082,Democrat
CA,2018,current,47,167769.77916044483,34550.99435024355,Democrat
CA,2018,current,48,124988.11314097264,135822.54001981366,Republican
CA,2018,current,49,118090.26586730368,140722.10523287562,Republican
CA,2018,current,50,112293.24833771713,119288.31748855345,Republican
CA,2018,current,51,150186.27785525686,71479.3591336929,Democrat
CA,2018,current,52,177495.94387479793,71809.1991428094,Democrat
CA,2018,current,53,168629.44021261157,83172.92887606437,Democrat
CO,2016,current,1,254404.9798092769,103719.92508648442,Democrat
CO,2016,current,2,249097.45625577858,174215.28450273495,Democrat
CO,2016,current,3,150868.61566543233,203261.23655737872,Republican
CO,2016,current,4,136001.62420342705,243487.60935219954,Republican
CO,2016,current,5,112395.62005981464,226637.66742780883,Republican
CO,2016,current,6,168723.7269967864,178830.85058517783,Republican
CO,2016,current,7,192298.9770094841,158465.42648821563,Democrat
CO,2018,current,1,181241.58303807132,63683.96762378059,Democrat
CO,2018,current,2,245432.22650241808,144874.07524727285,Democrat
CO,2018,current,3,141760.4272318251,168233.35484517057,Republican
CO,2018,current,4,148394.6269942642,210879.0109517415,Republican
CO,2018,current,5,105504.83022290499,160977.8472609475,Republican
CO,2018,current,6,187508.82209504602,138305.45112308016,Democrat
CO,2018,current,7,195860.48391547037,131021.2929480068,Democrat
CT,2016,current,1,211091.55936285492,106917.09822749194,Democrat
CT,2016,current,2,197589.27750259975,109228.648750354,Democrat
CT,2016,current,3,208043.70503294945,103915.9906795315,Democrat
CT,2016,current,4,190870.46530668513,122325.63889813119,Democrat
CT,2016,current,5,182543.9927949111,125746.62344449128,Democrat
CT,2018,current,1,181496.4790173291,96664.12197054467,Democrat
CT,2018,current,2,168325.2425546071,101065.0648471456,Democrat
CT,2018,current,3,171806.25435518302,101079.212185159,Democrat
CT,2018,current,4,165239.12878172536,104729.28686603838,Democrat
CT,2018,current,5,154293.89529115567,115263.3141311123,Democrat
DE,2016,current,1,233554,172301,Democrat
DE,2018,current,1,227353,125384,Democrat
FL,2016,current,1,114010.23075255068,255111.65079636022,Republican
FL,2016,current,2,103042.22591136611,216203.85816923215,Republican
FL,2016,current,3,138821.4200888481,197261.8055935288,Republican
FL,2016,current,4,130091.625493186,252473.6182878082,Republican
FL,2016,current,5,177434.25327132957,153311.2046237415,Democrat
FL,2016,current,6,148491.09434541911,216111.05208104115,Republican
FL,2016,current,7,169624.44763499167,167968.27488124397,Democrat
FL,2016,current,8,132628.1032893941,248274.0401005607,Republican
FL,2016,current,9,179720.14850282847,143695.2570403684,Democrat
FL,2016,current,10,213053.64947773793,112652.577748726,Democrat
FL,2016,current,11,127812.64619732999,257597.04113301952,Republican
FL,2016,current,12,126484.21925620678,230611.69992104825,Republican
FL,2016,current,13,175162.61326560174,191710.22938063578,Republican
FL,2016,current,14,183630.49090649202,145485.2261311854,Democrat
FL,2016,current,15,152147.7023617773,169179.8498816299,Republican
FL,2016,current,16,150636.85423206713,218505.36722602602,Republican
FL,2016,current,17,121009.91779243569,213726.51794595245,Republican
FL,2016,current,18,163780.9905850141,173247.24839948508,Republican
FL,2016,current,19,120598.07726874009,228860.10813775827,Republican
FL,2016,current,20,242271.78577043107,96192.84034222766,Democrat
FL,2016,current,21,192445.00075497426,133463.1609515215,Democrat
FL,2016,current,22,171333.4606442515,116830.40707176558,Democrat
FL,2016,current,23,177114.244490714,111924.2849823875,Democrat
FL,2016,current,24,120636.45724133786,88197.2377539516,Democrat
FL,2016,current,25,84799.62952326401,151899.33179111942,Republican
FL,2016,current,26,90683.84230197697,124996.22330793145,Republican
FL,2016,current,27,77584.86863973354,118139.88631974372,Republican
FL,2018,current,1,106178.29132845016,216138.3837294561,Republican
FL,2018,current,2,92236.82889981047,185774.75288407365,Republican
FL,2018,current,3,133557.289216961,179681.85202687624,Republican
FL,2018,current,4,135447.5475210836,215385.0242061495,Republican
FL,2018,current,5,171501.09803249012,130872.43018821304,Democrat
FL,2018,current,6,144810.67769633333,190126.08063600768,Republican
FL,2018,current,7,131413.63077951467,110595.83550986237,Democrat
FL,2018,current,8,143026.2891907964,216510.21153132943,Republican
FL,2018,current,9,136246.54075687676,109176.83611239988,Democrat
FL,2018,current,10,81190.38485175505,40638.55972304614,Democrat
FL,2018,current,11,129365.33235201242,239599.42799758795,Republican
FL,2018,current,12,132302.98251945703,178714.0840434724,Republican
FL,2018,current,13,181912.18498609372,147236.87719141974,Democrat
FL,2018,current,14,67638.01594101425,66419.0700096814,Democrat
FL,2018,current,15,95274.4112994128,115178.2947014271,Republican
FL,2018,current,16,135477.91874483268,174767.6450077798,Republican
FL,2018,current,17,123039.38527341226,191650.5720656547,Republican
FL,2018,current,18,108904.15504625,133158.4752689731,Republican
FL,2018,current,19,124201.58555952682,201843.36563245585,Republican
FL,2018,current,20,118855.23637111051,54403.72636570434,Democrat
FL,2018,current,21,52816.71651034852,54052.7825604327,Republican
FL,2018,current,22,93136.0313317477,71590.67803534157,Democrat
FL,2018,current,23,109184.61346130757,76404.24531679334,Democrat
FL,2018,current,24,107832.20432881634,66085.51864142172,Democrat
FL,2018,current,25,84628.65414323033,122603.3866476742,Republican
FL,2018,current,26,89417.33956203892,96827.96340126917,Republican
FL,2018,current,27,74973.65429531668,89980.92056549704,Republican
GA,2016,current,1,1786.4351533641732,5599.779171355416,Republican
GA,2016,current,2,144176.055371951,105316.87037186183,Democrat
GA,2016,current,3,85154.02739037518,187518.3814434727,Republican
GA,2016,current,4,202297.11773723643,87699.6620376039,Democrat
GA,2016,current,5,165935.5614036405,85544.00258970712,Democrat
GA,2016,current,6,161753.84793334635,109009.87803076526,Democrat
GA,2016,current,7,115784.32633207945,129133.3752414556,Republican
GA,2016,current,8,83749.57523800107,166496.0380295944,Republican
GA,2016,current,9,2999.1001542868858,19950.142589428782,Republican
GA,2016,current,10,15891.751281304349,31729.239254401244,Republican
GA,2016,current,11,84757.16058643688,200830.10751003688,Republican
GA,2016,current,12,96251.46563827683,148356.49265187944,Republican
GA,2016,current,13,85067.57577970094,68030.0310784375,Democrat
GA,2016,current,14,0.0,0.0,Tie
GA,2018,current,1,105324.48799703472,143907.36598637683,Republican
GA,2018,current,2,127237.73758465143,93855.28020858965,Democrat
GA,2018,current,3,104172.26099902367,186848.6991123535,Republican
GA,2018,current,4,182315.49725876137,77857.24450859155,Democrat
GA,2018,current,5,122733.61489642588,56864.29684089394,Democrat
GA,2018,current,6,132894.58286417043,82270.72188178953,Democrat
GA,2018,current,7,150701.46954452468,130683.8263615554,Democrat
GA,2018,current,8,7347.541580623715,4101.492931702335,Democrat
GA,2018,current,9,59239.1064084714,227891.52695113717,Republican
GA,2018,current,10,112544.91004647633,182955.77615591857,Republican
GA,2018,current,11,118000.03542412828,183649.7663486833,Republican
GA,2018,current,12,101231.19266771362,148081.80461082538,Republican
GA,2018,current,13,161147.71213039488,93948.91779239316,Democrat
GA,2018,current,14,54172.85059759952,176122.28030918972,Republican
HI,2016,current,1,151800.95705548508,19878.973295683154,Democrat
HI,2016,current,2,164464.04294451492,65747.02670431686,Democrat
HI,2018,current,1,136643.18293416762,20116.88524330574,Democrat
HI,2018,current,2,151091.81706583235,67179.11475669427,Democrat
IA,2016,current,1,177403.0,206903.0,Republican
IA,2016,current,2,198571.0,170933.0,Democrat
IA,2016,current,3,155002.0,208598.0,Republican
IA,2016,current,4,142993.0,226719.0,Republican
IA,2018,current,1,169348.0,152940.0,Democrat
IA,2018,current,2,171054.0,133010.0,Democrat
IA,2018,current,3,169886.0,164656.0,Democrat
IA,2018,current,4,146698.0,157221.0,Republican
ID,2016,current,1,117027.2439367316,233234.39046829488,Republican
ID,2016,current,2,91964.75606326836,214309.60953170518,Republican
ID,2018,current,1,107735.73703662946,189230.2455477207,Republican
ID,2018,current,2,99577.26296337048,178210.75445227933,Republican
IL,2016,current,1,164503.15931305618,68362.91664312792,Democrat
IL,2016,current,2,164629.192566345,77545.52814581555,Democrat
IL,2016,current,3,121730.06703648549,81245.7141480992,Democrat
IL,2016,current,4,136272.71156097043,64098.03724934806,Democrat
IL,2016,current,5,143021.32387043483,78649.91621902306,Democrat
IL,2016,current,6,150682.88051130873,161885.86278916767,Republican
IL,2016,current,7,186718.41671792613,47907.66621856084,Democrat
IL,2016,current,8,178567.67967013226,92525.84475872244,Democrat
IL,2016,current,9,190068.08716426426,48225.68256716905,Democrat
IL,2016,current,10,164447.03878095216,119285.09110822664,Democrat
IL,2016,current,11,151197.4747865799,123480.55627627003,Democrat
IL,2016,current,12,121631.28275915897,170750.3173169678,Republican
IL,2016,current,13,111530.58245566112,175644.11235573457,Republican
IL,2016,current,14,133205.78632725822,165145.9908156556,Republican
IL,2016,current,15,14526.30329999902,22752.287856155835,Republican
IL,2016,current,16,20995.446658524714,19509.065948294683,Democrat
IL,2016,current,17,153466.18973904668,124612.77535640233,Democrat
IL,2016,current,18,106725.37678189631,221532.6342272587,Republican
IL,2018,current,1,148656.8612843912,46177.39966512969,Democrat
IL,2018,current,2,145871.2720094706,54192.35402278627,Democrat
IL,2018,current,3,110845.02864004497,53716.08986119807,Democrat
IL,2018,current,4,121460.32108851922,38027.025181977195,Democrat
IL,2018,current,5,128695.3104146136,48303.51073381273,Democrat
IL,2018,current,6,145305.19719926274,106468.6196388441,Democrat
IL,2018,current,7,166422.4661283931,28421.58447084948,Democrat
IL,2018,current,8,167508.67665436002,61836.299043996914,Democrat
IL,2018,current,9,169408.0335201686,28610.250069249636,Democrat
IL,2018,current,10,162154.48481854436,75435.43577586408,Democrat
IL,2018,current,11,154035.0503316561,95371.68442180617,Democrat
IL,2018,current,12,119179.05122999026,141102.85105900327,Republican
IL,2018,current,13,124938.86121733196,146003.38182781503,Republican
IL,2018,current,14,130549.49103963505,109930.30066750728,Democrat
IL,2018,current,15,74820.21752212604,172828.98276041626,Republican
IL,2018,current,16,99731.15289494388,141350.30322531087,Republican
IL,2018,current,17,139505.51986903982,106656.48263974806,Democrat
IL,2018,current,18,99981.00413750885,168756.44493468487,Republican
IN,2016,current,1,206219.93665431984,6465.441508944202,Democrat
IN,2016,current,2,103819.15450705642,159801.424110821,Republican
IN,2016,current,3,65831.64558707282,199445.82635703322,Republican
IN,2016,current,4,91724.614156217,196833.32087982103,Republican
IN,2016,current,5,118044.1097344188,203123.7131951101,Republican
IN,2016,current,6,79338.06994794423,205182.4138427408,Republican
IN,2016,current,7,164553.45442990467,109824.82957753452,Democrat
IN,2016,current,8,93546.49241796289,187798.2523182072,Republican
IN,2016,current,9,129823.52256510322,174513.77820978797,Republican
IN,2018,current,1,159710.46093521896,86993.29359936035,Democrat
IN,2018,current,2,103112.46298874998,125435.5453823069,Republican
IN,2018,current,3,86157.96295752548,156595.11363445455,Republican
IN,2018,current,4,86762.78356464164,156332.3866635433,Republican
IN,2018,current,5,122906.10649923026,166058.6774182871,Republican
IN,2018,current,6,79595.27032133829,154467.1783646352,Republican
IN,2018,current,7,153800.21606281307,87625.3438487822,Democrat
IN,2018,current,8,86968.1238684256,157449.1488968076,Republican
IN,2018,current,9,99428.61280205661,146041.3121918229,Republican
KS,2016,current,1,205.57475553680507,169918.33796090414,Republican
KS,2016,current,2,97116.6441884287,182511.56839479957,Republican
KS,2016,current,3,138834.8690413445,174830.36551808077,Republican
KS,2016,current,4,81477.91201468998,166979.72812621554,Republican
KS,2018,current,1,68919.008078857,149561.10401900398,Republican
KS,2018,current,2,121071.80630864413,126208.74230279485,Republican
KS,2018,current,3,163759.0891277295,134950.0807050864,Democrat
KS,2018,current,4,93384.09648476938,138843.07297311476,Republican
KY,2016,current,1,81659.93992055388,216807.10159188017,Republican
KY,2016,current,2,1809.5830244693109,4985.473760092427,Republican
KY,2016,current,3,210755.7470756039,127375.95647358842,Democrat
KY,2016,current,4,93650.61900016936,223711.30910410883,Republican
KY,2016,current,5,1353.2400784603124,2522.611594751647,Republican
KY,2016,current,6,127674.87090074323,199670.54747557855,Republican
KY,2018,current,1,78835.21312345643,172181.10377600038,Republican
KY,2018,current,2,80464.55261257752,171217.29276751465,Republican
KY,2018,current,3,172851.06893771412,106002.55277952185,Democrat
KY,2018,current,4,90022.22084792296,157560.88928538328,Republican
KY,2018,current,5,46290.65636291474,172554.93897067045,Republican
KY,2018,current,6,144606.2881154142,156048.22242090938,Republican
LA,2016,current,1,86186.98943936352,201253.60449300762,Republican
LA,2016,current,2,227924.81187080397,73961.55624800855,Democrat
LA,2016,current,3,56207.78024355927,258322.29696235407,Republican
LA,2016,current,4,78203.99891568162,200752.82911402738,Republican
LA,2016,current,5,6244.167466604028,253276.50329667842,Republican
LA,2016,current,6,109296.25206398756,211197.20988592398,Republican
LA,2018,current,1,78111.52946046463,157914.32435516885,Republican
LA,2018,current,2,172000.17452996358,56686.437539401835,Democrat
LA,2018,current,3,74747.80312420329,167911.54441934166,Republican
LA,2018,current,4,72970.08320191986,139161.01801842405,Republican
LA,2018,current,5,66934.73742247131,150631.84963322023,Republican
LA,2018,current,6,88419.67226097728,163409.82603444334,Republican
MA,2016,current,1,201768.10255788662,2281.5680693820705,Democrat
MA,2016,current,2,72394.82531545238,18414.66941444359,Democrat
MA,2016,current,3,74734.01888502385,29169.26488374448,Democrat
MA,2016,current,4,191030.00491880358,92387.74374097017,Democrat
MA,2016,current,5,86114.96331249432,32012.286331282037,Democrat
MA,2016,current,6,60733.454638255454,30662.532849588933,Democrat
MA,2016,current,7,87865.17305222045,19001.605285518875,Democrat
MA,2016,current,8,222563.7445732225,92120.83220741266,Democrat
MA,2016,current,9,223943.71274664067,135070.49721765722,Democrat
MA,2018,current,1,222857.7763379261,13005.938654206515,Democrat
MA,2018,current,2,197536.91612750277,77687.695806441,Democrat
MA,2018,current,3,184215.73098333387,79637.10774365594,Democrat
MA,2018,current,4,56672.50764851568,28354.16049546337,Democrat
MA,2018,current,5,172350.08547145486,65322.801183293406,Democrat
MA,2018,current,6,175270.81976806035,93677.90298500202,Democrat
MA,2018,current,7,57580.63411301939,18360.154804731144,Democrat
MA,2018,current,8,38105.72460887081,26742.050598645426,Democrat
MA,2018,current,9,131951.8049413161,91880.18772856123,Democrat
MD,2016,current,1,113445.45961190481,222034.5865786533,Republican
MD,2016,current,2,200003.77553933678,127265.49765546962,Democrat
MD,2016,current,3,200235.29514928962,112171.61297100586,Democrat
MD,2016,current,4,246769.7748068861,65144.37042132803,Democrat
MD,2016,current,5,232303.6386171783,100010.23500168824,Democrat
MD,2016,current,6,207514.11141710277,121725.58231739006,Democrat
MD,2016,current,7,240481.90731664642,74021.75386447224,Democrat
MD,2016,current,8,195446.03754165524,139714.36118999255,Democrat
MD,2018,current,1,112458.78468641813,161124.5097123031,Republican
MD,2018,current,2,171361.34416863456,94275.2446970332,Democrat
MD,2018,current,3,169257.7700196431,80798.07773778107,Democrat
MD,2018,current,4,201009.42435840372,46655.17207557206,Democrat
MD,2018,current,5,189487.35795570945,73680.59594495271,Democrat
MD,2018,current,6,166854.8698715515,90234.60769351546,Democrat
MD,2018,current,7,195611.49660140212,53052.078182289326,Democrat
MD,2018,current,8,164510.95233823752,99234.71395655302,Democrat
ME,2016,current,1,227551.1173776237,166819.158840889,Democrat
ME,2016,current,2,159075.8826223763,190627.841159111,Republican
ME,2018,current,1,198897.25242159213,111836.51335431433,Democrat
ME,2018,current,2,129511.74757840789,129343.48664568565,Democrat
MI,2016,current,1,144205.5715121953,198126.24039570786,Republican
MI,2016,current,2,117551.87524018578,215495.8393906859,Republican
MI,2016,current,3,122133.31665521163,201565.2759083801,Republican
MI,2016,current,4,102994.12744697781,185697.0052529599,Republican
MI,2016,current,5,191817.28961153835,119822.73324433573,Democrat
MI,2016,current,6,119732.68504064342,192897.00217233546,Republican
MI,2016,current,7,127293.50541884871,177280.21400577793,Republican
MI,2016,current,8,155475.01898570327,187072.63888180722,Republican
MI,2016,current,9,165526.53719338233,168957.96470614045,Republican
MI,2016,current,10,121473.80866335679,191094.72092283636,Republican
MI,2016,current,11,189619.21950095106,136123.59829979468,Democrat
MI,2016,current,12,190015.5810814135,97616.89915729572,Democrat
MI,2016,current,13,208404.67876450322,74041.39149534056,Democrat
MI,2016,current,14,237736.7848850885,97610.4761666023,Democrat
MI,2018,current,1,145352.16985782012,187245.8404160515,Republican
MI,2018,current,2,137827.6692172053,173285.5170343428,Republican
MI,2018,current,3,128370.56291381925,166053.66177300812,Republican
MI,2018,current,4,106169.5921914457,170024.1983277821,Republican
MI,2018,current,5,163448.17525851994,106466.01243203401,Democrat
MI,2018,current,6,133791.63149893715,147153.5923552838,Republican
MI,2018,current,7,127688.52527757475,151779.12806696442,Republican
MI,2018,current,8,175902.35308073956,146142.7286316114,Democrat
MI,2018,current,9,155545.0213183288,143233.65092750854,Democrat
MI,2018,current,10,111331.34690303041,162465.87688324155,Republican
MI,2018,current,11,191209.35698025,104752.22650576959,Democrat
MI,2018,current,12,180913.1421048388,71226.09199433944,Democrat
MI,2018,current,13,186819.3157663953,50197.79445460978,Democrat
MI,2018,current,14,230634.1376310947,73432.68019745301,Democrat
MN,2016,current,1,170861.43252722512,165539.37898204132,Democrat
MN,2016,current,2,166589.30463573214,176778.74380414616,Republican
MN,2016,current,3,202429.28618914232,165909.0913583536,Democrat
MN,2016,current,4,203812.02577477528,120934.69845721641,Democrat
MN,2016,current,5,216652.1107060152,144773.3399804144,Democrat
MN,2016,current,6,123539.30847338893,224203.76825762968,Republican
MN,2016,current,7,171176.41943898285,159954.74345007358,Democrat
MN,2016,current,8,179530.11225473814,176592.2357101247,Democrat
MN,2018,current,1,147562.238370206,145552.6135124066,Democrat
MN,2018,current,2,176755.81909738702,160901.46892947852,Democrat
MN,2018,current,3,226923.37516073775,129720.79031677883,Democrat
MN,2018,current,4,216876.5700889627,98491.6308298923,Democrat
MN,2018,current,5,241407.47925807707,112975.45178631111,Democrat
MN,2018,current,6,123491.36439035562,181911.2964202264,Republican
MN,2018,current,7,145074.53558398393,137382.8068022571,Democrat
MN,2018,current,8,142583.6180502898,158643.94140264895,Republican
MO,2016,current,1,229640.0403833579,107224.6813873744,Democrat
MO,2016,current,2,165464.85381217275,196449.49843510796,Republican
MO,2016,current,3,100071.82304437882,250427.61305766276,Republican
MO,2016,current,4,92470.16141181558,224754.55631565087,Republican
MO,2016,current,5,186534.16659449486,140300.2050434262,Democrat
MO,2016,current,6,104189.22418870742,222375.3318338592,Republican
MO,2016,current,7,92606.02020852841,228985.994239668,Republican
MO,2016,current,8,70329.71035654418,230006.11968725035,Republican
MO,2018,current,1,223705.86514479297,81089.03992589435,Democrat
MO,2018,current,2,168671.72014002863,153651.2566745027,Democrat
MO,2018,current,3,104793.29489918443,210896.48624872518,Republican
MO,2018,current,4,93764.91200011654,184700.6279688225,Republican
MO,2018,current,5,172154.09812502132,115016.3006971846,Democrat
MO,2018,current,6,99261.60546852404,185711.73985822822,Republican
MO,2018,current,7,88505.87823627482,196143.30098517006,Republican
MO,2018,current,8,65238.62598605721,191272.24764147215,Republican
MS,2016,current,1,84244.90332063776,206797.49246213725,Republican
MS,2016,current,2,188338.55459127002,94292.43925225352,Democrat
MS,2016,current,3,100011.49905511156,198106.80228058904,Republican
MS,2016,current,4,77301.0430329807,181613.2660050202,Republican
MS,2018,current,1,75137.21297258128,155294.12153015574,Republican
MS,2018,current,2,148310.11437465582,11811.936786955399,Democrat
MS,2018,current,3,91135.60097885021,143755.03573297846,Republican
MS,2018,current,4,56621.071673912695,134792.9059499104,Republican
MT,2016,current,1,205919,285358,Republican
MT,2018,current,1,226251,251291,Republican
NC,2016,current,1,234491.39602051867,110864.29197573927,Democrat
NC,2016,current,2,169024.65640921448,204178.5953610583,Republican
NC,2016,current,3,109484.42328920387,211127.58287088101,Republican
NC,2016,current,4,279505.0925987101,145282.84442914417,Democrat
NC,2016,current,5,147670.5019874267,207202.48708471673,Republican
NC,2016,current,6,142849.8661854606,204047.98517470414,Republican
NC,2016,current,7,138751.30978461402,211805.57875573938,Republican
NC,2016,current,8,137680.89178644554,192089.84459722234,Republican
NC,2016,current,9,139726.98127247937,172489.68670903658,Republican
NC,2016,current,10,124711.29089038557,224244.75662881043,Republican
NC,2016,current,11,133578.81769735774,226894.5907241935,Republican
NC,2016,current,12,232012.36486807806,132409.95638761428,Democrat
NC,2016,current,13,153173.407210105,204687.79930113986,Republican
NC,2018,current,1,179134.22617804352,78668.16957177299,Democrat
NC,2018,current,2,143360.39067764315,148370.83824449914,Republican
NC,2018,current,3,7849.820860321755,4105.885012779174,Democrat
NC,2018,current,4,246022.63282154375,98343.72345221406,Democrat
NC,2018,current,5,118243.46191068455,157942.69733536593,Republican
NC,2018,current,6,120661.92990952625,155738.44900481697,Republican
NC,2018,current,7,122280.8443706466,156318.70369755733,Republican
NC,2018,current,8,117001.8962830243,142033.56967749665,Republican
NC,2018,current,9,126409.93284865595,122605.57626809209,Democrat
NC,2018,current,10,108239.04822957888,166816.05168795155,Republican
NC,2018,current,11,120312.41648921998,174519.36416792328,Republican
NC,2018,current,12,210653.84198664234,87280.92314634254,Democrat
NC,2018,current,13,128002.55743446879,151046.04873318825,Republican
ND,2016,current,1,80377,233980,Republican
ND,2018,current,1,114377,193568,Republican
NE,2016,current,1,86496.51121304139,190789.60559000826,Republican
NE,2016,current,2,134546.85339020364,139984.22564468454,Republican
NE,2016,current,3,25.635396754967175,63.16876530722836,Republican
NE,2018,current,1,93409.97533105074,143166.90203138566,Republican
NE,2018,current,2,112151.93375472614,118518.45030978494,Republican
NE,2018,current,3,49491.09091422314,162996.64765882943,Republican
NH,2016,current,1,163253.0747918815,164766.70031190597,Republican
NH,2016,current,2,173197.9252081186,151234.29968809403,Democrat
NH,2018,current,1,153234.61796165162,134238.6611583897,Democrat
NH,2018,current,2,157714.38203834844,114673.3388416103,Democrat
NJ,2016,current,1,180800.68399707353,120418.218390811,Democrat
NJ,2016,current,2,111285.86686224905,170074.59952387653,Republican
NJ,2016,current,3,124141.88512557076,189270.95253803267,Republican
NJ,2016,current,4,124205.13666577279,191939.27293372984,Republican
NJ,2016,current,5,151548.8862278488,145396.31643267628,Democrat
NJ,2016,current,6,161199.6990721534,117778.90633724758,Democrat
NJ,2016,current,7,144225.88784393424,170964.57878150666,Republican
NJ,2016,current,8,141743.1913621587,58072.62601795713,Democrat
NJ,2016,current,9,177037.2163712046,88398.12785495906,Democrat
NJ,2016,current,10,186665.71766341216,48737.04269358269,Democrat
NJ,2016,current,11,141033.10606978362,144808.38333783098,Republican
NJ,2016,current,12,177732.72273883846,95771.97515778948,Democrat
NJ,2018,current,1,166255.47295523228,88968.51516410001,Democrat
NJ,2018,current,2,123009.1517488517,107838.08894857994,Democrat
NJ,2018,current,3,145102.53190015903,143188.3208225942,Democrat
NJ,2018,current,4,127338.2287583932,150901.61290942112,Republican
NJ,2018,current,5,130850.35419400966,108060.05004350716,Democrat
NJ,2018,current,6,143496.32858487475,95746.67625056276,Democrat
NJ,2018,current,7,150401.09375042794,129219.73746555517,Democrat
NJ,2018,current,8,126932.55361974309,45353.31119887581,Democrat
NJ,2018,current,9,144540.8883847253,65089.37143090209,Democrat
NJ,2018,current,10,176924.24272207252,37200.140757526635,Democrat
NJ,2018,current,11,145806.46567971632,95428.06359013211,Democrat
NJ,2018,current,12,163089.68770179432,76002.11141824297,Democrat
NM,2016,current,1,177472.05932600365,98667.13577192041,Democrat
NM,2016,current,2,88019.08989746698,142590.98221295426,Republican
NM,2016,current,3,171440.85077652938,101865.88201512535,Democrat
NM,2018,current,1,146789.3986679621,89647.61355230748,Democrat
NM,2018,current,2,102044.56138904931,97990.08392690057,Democrat
NM,2018,current,3,155192.0399429886,77063.30252079194,Democrat
NV,2016,current,1,128922.77331461174,97602.29391711882,Democrat
NV,2016,current,2,115838.02480891427,183589.78316102686,Republican
NV,2016,current,3,148275.72901701304,92954.33929245546,Democrat
NV,2016,current,4,115076.47285946088,123957.58362939899,Republican
NV,2018,current,1,121665.56325524051,83745.34162907506,Democrat
NV,2018,current,2,120270.92291608217,168456.2141863359,Republican
NV,2018,current,3,139929.1189921346,79757.27400999423,Democrat
NV,2018,current,4,109138.39483654263,107442.17017459488,Democrat
NY,2016,current,1,126219.56320669055,177365.44177667884,Republican
NY,2016,current,2,135638.29252960396,176892.1751892782,Republican
NY,2016,current,3,179185.8108584635,122728.54808372173,Democrat
NY,2016,current,4,160080.16383403662,157911.82377618636,Democrat
NY,2016,current,5,165902.41168189512,51794.10639532119,Democrat
NY,2016,current,6,178406.56977985596,25263.772432230533,Democrat
NY,2016,current,7,190689.7357148971,23621.4179743796,Democrat
NY,2016,current,8,172935.30519712725,25469.609583786536,Democrat
NY,2016,current,9,179439.05131288842,20851.40748044926,Democrat
NY,2016,current,10,220765.7383019995,30061.970492083543,Democrat
NY,2016,current,11,129761.76772282583,116862.02124769181,Democrat
NY,2016,current,12,218970.43534847745,41396.57498200067,Democrat
NY,2016,current,13,211183.42012034488,32857.192705973226,Democrat
NY,2016,current,14,164540.18879656057,26961.151072099954,Democrat
NY,2016,current,15,167499.86394455642,12022.098844510834,Democrat
NY,2016,current,16,142927.59572951234,11222.255427926604,Democrat
NY,2016,current,17,62107.071701871864,6401.011628633528,Democrat
NY,2016,current,18,152669.34657632618,117161.31767873958,Democrat
NY,2016,current,19,139703.30318504898,158158.27022056212,Republican
NY,2016,current,20,204459.7054647461,111667.37953484971,Democrat
NY,2016,current,21,89548.53986400564,172746.33326810712,Republican
NY,2016,current,22,113237.43527563197,130879.56571617174,Republican
NY,2016,current,23,119567.89404147968,162642.38799262326,Republican
NY,2016,current,24,119585.1190295916,182432.3188726906,Republican
NY,2016,current,25,183128.68668628356,144701.63630883076,Democrat
NY,2016,current,26,204535.8756929664,120042.12556114125,Democrat
NY,2016,current,27,117715.1084023116,170323.08575333084,Republican
NY,2018,current,1,111728.84487966138,122083.03763709778,Republican
NY,2018,current,2,116700.24277665163,121804.1538373784,Republican
NY,2018,current,3,135340.31598321398,82427.78467785117,Democrat
NY,2018,current,4,124213.83750907565,108831.57952593495,Democrat
NY,2018,current,5,88464.97137094417,15563.554655016098,Democrat
NY,2018,current,6,86096.11397181555,5241.665395481095,Democrat
NY,2018,current,7,145078.3044726481,14615.463635525584,Democrat
NY,2018,current,8,135400.25541335004,18272.739048949126,Democrat
NY,2018,current,9,142930.231531494,18030.118189405242,Democrat
NY,2018,current,10,176659.77042313176,17706.36376441604,Democrat
NY,2018,current,11,124359.22516157178,69542.79604268639,Democrat
NY,2018,current,12,167520.15938009208,20416.9280874727,Democrat
NY,2018,current,13,166972.20136492545,17566.899854261243,Democrat
NY,2018,current,14,95037.29105889407,7077.389984928122,Democrat
NY,2018,current,15,125562.05025030146,7490.279783964697,Democrat
NY,2018,current,16,180927.01234248985,7751.459833302753,Democrat
NY,2018,current,17,160102.63443124644,4666.538432789863,Democrat
NY,2018,current,18,129612.36058549154,97120.56605298298,Democrat
NY,2018,current,19,127162.39451650111,119663.92493592313,Democrat
NY,2018,current,20,162847.98096407385,90029.76149808808,Democrat
NY,2018,current,21,93499.16773502155,120880.03735659269,Republican
NY,2018,current,22,118924.02824528457,117656.96484051643,Democrat
NY,2018,current,23,102860.20922817281,123561.48221080545,Republican
NY,2018,current,24,114913.23898492543,130340.2568359948,Republican
NY,2018,current,25,152172.99198573,106873.17462062408,Democrat
NY,2018,current,26,174534.5418898672,80345.63703587068,Democrat
NY,2018,current,27,114726.62354342378,113503.44222613996,Democrat
OH,2016,current,1,146314.29917153914,214123.32033171714,Republican
OH,2016,current,2,109181.19262248167,219657.89685872407,Republican
OH,2016,current,3,185883.6895145619,137686.74213881462,Democrat
OH,2016,current,4,97007.76300013236,213459.9643633695,Republican
OH,2016,current,5,106315.61764374803,220758.68635118692,Republican
OH,2016,current,6,93173.47442761676,203433.37780790278,Republican
OH,2016,current,7,98005.40776804111,202289.83215555933,Republican
OH,2016,current,8,87912.76870826734,222263.4448780071,Republican
OH,2016,current,9,176398.66744773867,130471.36690909007,Democrat
OH,2016,current,10,109505.1976621752,214751.0591837887,Republican
OH,2016,current,11,243015.21124345865,97157.6320383965,Democrat
OH,2016,current,12,120714.79242721859,227149.97078336694,Republican
OH,2016,current,13,189853.89268129587,134069.69842763792,Democrat
OH,2016,current,14,141199.22310412765,184891.33750539547,Republican
OH,2016,current,15,119987.90010836632,200745.3843803421,Republican
OH,2016,current,16,130053.90246923032,173107.28588670114,Republican
OH,2018,current,1,146190.60569791804,154782.45529294887,Republican
OH,2018,current,2,104661.2978836683,161799.65696513618,Republican
OH,2018,current,3,187123.47642921924,93221.7848001569,Democrat
OH,2018,current,4,87884.21862490963,167158.20389489632,Republican
OH,2018,current,5,94127.98585492885,159091.377251374,Republican
OH,2018,current,6,77703.04761733439,161871.12969539154,Republican
OH,2018,current,7,104537.82380139033,153009.85875179234,Republican
OH,2018,current,8,84775.99604052724,168896.21795264364,Republican
OH,2018,current,9,149400.7505890434,99728.51156923512,Democrat
OH,2018,current,10,114278.42991412949,152952.91797280416,Republican
OH,2018,current,11,214006.6218610547,73138.21821129271,Democrat
OH,2018,current,12,143490.1410685108,160802.13286527502,Republican
OH,2018,current,13,145283.42743683685,118304.49002991227,Democrat
OH,2018,current,14,129963.50854701761,141911.93916543425,Republican
OH,2018,current,15,112893.50501139581,148494.136261327,Republican
OH,2018,current,16,122799.16362211494,130239.9693203799,Republican
OK,2016,current,1,1497.3955467960238,5678.645861883722,Republican
OK,2016,current,2,61570.68588670452,186315.24114873458,Republican
OK,2016,current,3,62366.79686966497,224406.83961997842,Republican
OK,2016,current,4,76607.50391824453,203452.32168271864,Republican
OK,2016,current,5,103179.61777858995,161837.95168668465,Republican
OK,2018,current,1,102616.13144742323,148746.76688239045,Republican
OK,2018,current,2,65559.80039404437,141798.6739482144,Republican
OK,2018,current,3,61051.923591021245,172174.0244966615,Republican
OK,2018,current,4,79247.72360604159,148990.26115980413,Republican
OK,2018,current,5,119976.42096146954,118821.2735129295,Democrat
OR,2016,current,1,215901.5594426439,134861.53538709166,Democrat
OR,2016,current,2,108680.61549246564,270653.05945930025,Republican
OR,2016,current,3,287705.42257000017,20757.161974253388,Democrat
OR,2016,current,4,219406.31688648782,161866.09531167126,Democrat
OR,2016,current,5,195157.0856084025,142756.14786768344,Democrat
OR,2018,current,1,200554.77156648436,107702.61780245292,Democrat
OR,2018,current,2,141871.9824010511,203002.46894566482,Republican
OR,2018,current,3,287678.2350160356,70284.28292559397,Democrat
OR,2018,current,4,204240.5933503855,152018.30536082305,Democrat
OR,2018,current,5,171542.41766604345,137269.32496546514,Democrat
PA,2016,current,1,215950.40410560498,57133.68945052574,Democrat
PA,2016,current,2,223604.12135439977,35204.87067315328,Democrat
PA,2016,current,3,17279.685936217622,25724.757913009504,Republican
PA,2016,current,4,113571.13818429018,220205.1965150586,Republican
PA,2016,current,5,86212.0111830125,184591.97686565696,Republican
PA,2016,current,6,135464.29265274413,175184.43301940474,Republican
PA,2016,current,7,143938.61615947817,184692.74052056397,Republican
PA,2016,current,8,167540.60347864113,195009.48338496816,Republican
PA,2016,current,9,99786.33225243876,175903.9652565009,Republican
PA,2016,current,10,93342.4737470265,203842.9762822841,Republican
PA,2016,current,11,118679.01719973437,195245.21643417777,Republican
PA,2016,current,12,121003.91883345497,148105.08264320873,Republican
PA,2016,current,13,164781.39521601936,65205.511191837846,Democrat
PA,2016,current,14,190318.31829677924,92408.52521302289,Democrat
PA,2016,current,15,129209.07406308247,180266.94168790948,Republican
PA,2016,current,16,131944.8518242826,188430.32444635755,Republican
PA,2016,current,17,146034.9648969737,154167.41290364807,Republican
PA,2016,current,18,87179.78061581998,76675.89559871148,Democrat
PA,2018,current,1,210254.00954643893,47968.55999306378,Democrat
PA,2018,current,2,226336.17443058928,39166.35639563277,Democrat
PA,2018,current,3,112501.2190717317,143805.7930133574,Republican
PA,2018,current,4,120650.30664053086,160795.48365502057,Republican
PA,2018,current,5,95963.13752117078,146316.65871010994,Republican
PA,2018,current,6,168458.08771388384,132667.2873897955,Democrat
PA,2018,current,7,168125.10850446057,132532.2351443427,Democrat
PA,2018,current,8,163773.4837649595,166398.81798837023,Republican
PA,2018,current,9,78208.85157689288,160194.90040504764,Republican
PA,2018,current,10,86651.28075175673,156161.0578227917,Republican
PA,2018,current,11,114986.6233541038,142993.66224644647,Republican
PA,2018,current,12,97167.9019055452,122123.48559275371,Republican
PA,2018,current,13,218905.62888235465,71726.02290207494,Democrat
PA,2018,current,14,91271.1711843748,58297.171351848214,Democrat
PA,2018,current,15,127887.4128558384,121095.58204241785,Democrat
PA,2018,current,16,134232.49109270153,141820.02024545823,Republican
PA,2018,current,17,128903.649652526,116119.93220383524,Democrat
PA,2018,current,18,95897.46155014083,119087.97289763301,Republican
RI,2016,current,1,129658.48251534377,69593.73951630121,Democrat
RI,2016,current,2,133989.51748465624,71730.26048369877,Democrat
RI,2018,current,1,116678.98735264843,60605.039418003544,Democrat
RI,2018,current,2,125896.01264735158,69232.96058199645,Democrat
SC,2016,current,1,119111.03509573214,170121.00870546838,Republican
SC,2016,current,2,112918.71409177185,167824.77403157487,Republican
SC,2016,current,3,74794.22273891329,201488.8179701417,Republican
SC,2016,current,4,91263.2473499431,195612.21663593972,Republican
SC,2016,current,5,117835.93299362471,174790.87865558054,Republican
SC,2016,current,6,171703.81995389235,108747.23067313002,Democrat
SC,2016,current,7,113174.0277761225,175126.07332816476,Republican
SC,2018,current,1,133543.82828591097,128116.22063243587,Democrat
SC,2018,current,2,107398.86118909465,132514.64384600674,Republican
SC,2018,current,3,70655.91724841105,155238.16699534864,Republican
SC,2018,current,4,88754.70571821771,144011.8577379955,Republican
SC,2018,current,5,104857.41977741937,140416.54800117144,Republican
SC,2018,current,6,156647.08323284116,85328.65846259515,Democrat
SC,2018,current,7,96482.18454810506,141867.90432444666,Republican
SD,2016,current,1,132810,237163,Republican
SD,2018,current,1,121002,202673,Republican
TN,2016,current,1,39204.10607563268,198385.26189016714,Republican
TN,2016,current,2,68171.86974121598,212271.83138689923,Republican
TN,2016,current,3,77667.10283537197,176153.1523209245,Republican
TN,2016,current,4,86822.48004125814,164860.3539733634,Republican
TN,2016,current,5,170542.10469919897,102794.47053198537,Democrat
TN,2016,current,6,62594.596716663844,201873.09038282186,Republican
TN,2016,current,7,66598.31181640147,201808.04273147086,Republican
TN,2016,current,8,84418.3995241547,151180.6045017581,Republican
TN,2016,current,9,158162.02855010214,84413.19228060952,Democrat
TN,2018,current,1,47288.977361590994,172628.65074804428,Republican
TN,2018,current,2,86881.78681989915,172830.58996746482,Republican
TN,2018,current,3,85109.90536103204,156247.9466753599,Republican
TN,2018,current,4,76516.11313713713,145621.767020581,Republican
TN,2018,current,5,177177.74321487886,84419.64072191846,Democrat
TN,2018,current,6,70794.99575121916,172457.69682715085,Republican
TN,2018,current,7,82550.05027998572,171427.0850392437,Republican
TN,2018,current,8,78115.05829717813,130605.34632862496,Republican
TN,2018,current,9,139719.36977707874,70572.276671612,Democrat
TX,2016,current,1,61690.63704230985,192461.28581667168,Republican
TX,2016,current,2,100684.84792789417,107350.2546137157,Republican
TX,2016,current,3,101303.32154073953,190030.40816545032,Republican
TX,2016,current,4,3012.726925565883,218357.1714084695,Republican
TX,2016,current,5,34948.49369335759,157712.85779998772,Republican
TX,2016,current,6,100521.44845093822,153535.43006980035,Republican
TX,2016,current,7,113930.27342053836,91854.50535249748,Democrat
TX,2016,current,8,9417.81446438891,12556.913750989228,Republican
TX,2016,current,9,139237.1202527457,82326.76002058783,Democrat
TX,2016,current,10,125136.0579742043,136308.732269998,Republican
TX,2016,current,11,572.7914259176111,202003.2050928443,Republican
TX,2016,current,12,78983.81443762982,184904.5548796014,Republican
TX,2016,current,13,874.3062510626561,200035.86655928445,Republican
TX,2016,current,14,99643.39170603032,168325.47030429885,Republican
TX,2016,current,15,103717.24341678455,67575.22342311635,Democrat
TX,2016,current,16,146834.94862978562,2698.087990385261,Democrat
TX,2016,current,17,100457.071325835,145581.5788401806,Republican
TX,2016,current,18,107660.7535343388,96234.6321508807,Democrat
TX,2016,current,19,0.0,176825.9477499991,Republican
TX,2016,current,20,128179.88121992577,71297.09855629348,Democrat
TX,2016,current,21,122208.37380059913,155769.0595074338,Republican
TX,2016,current,22,141367.36343150807,145920.27716552623,Republican
TX,2016,current,23,115936.68849238759,78102.7363209422,Democrat
TX,2016,current,24,102416.7999454682,109249.4225281417,Republican
TX,2016,current,25,103782.49587700849,160803.39118958032,Republican
TX,2016,current,26,94405.21509224406,202582.57792925136,Republican
TX,2016,current,27,90560.64934876043,141605.35285786295,Republican
TX,2016,current,28,123828.43326101406,49511.430103062085,Democrat
TX,2016,current,29,80651.282877582,120933.14030605846,Republican
TX,2016,current,30,81192.67157030478,90917.96957433563,Republican
TX,2016,current,31,104599.54602918561,163943.81383868057,Republican
TX,2016,current,32,81323.84297445658,100510.51289642786,Republican
TX,2016,current,33,80941.35389965138,117528.39687046336,Republican
TX,2016,current,34,103735.57667234438,63266.73786984171,Democrat
TX,2016,current,35,135830.9066066667,104201.6685892072,Democrat
TX,2016,current,36,40946.85648082632,178403.52763813216,Republican
TX,2018,current,1,60865.697018660634,167743.37255185802,Republican
TX,2018,current,2,110311.9069836439,88200.7161343238,Democrat
TX,2018,current,3,139035.12410911545,166624.68889453931,Republican
TX,2018,current,4,56510.61204998642,187947.12546954042,Republican
TX,2018,current,5,84987.36938717152,128119.44108558126,Republican
TX,2018,current,6,112475.28373324405,131993.68969497835,Republican
TX,2018,current,7,124823.80400661746,75469.15637421547,Democrat
TX,2018,current,8,67375.15545907107,190884.51016502018,Republican
TX,2018,current,9,151749.24275168523,65974.92453850887,Democrat
TX,2018,current,10,143746.84265223157,115495.1474416003,Democrat
TX,2018,current,11,40177.330664773675,174987.92518711646,Republican
TX,2018,current,12,88236.87311121366,162338.3725598391,Republican
TX,2018,current,13,35229.43192840053,168967.46578818912,Republican
TX,2018,current,14,92852.0876731477,143307.85314359915,Republican
TX,2018,current,15,99387.6036765927,57917.794817544236,Democrat
TX,2018,current,16,120128.89109821193,44612.231047655274,Democrat
TX,2018,current,17,115593.2384277007,132514.08783326103,Republican
TX,2018,current,18,117954.81916180899,79067.93983091705,Democrat
TX,2018,current,19,49947.46298023424,152373.3094298285,Republican
TX,2018,current,20,129432.86383990388,51580.640348957044,Democrat
TX,2018,current,21,141224.2250245164,137329.54153365456,Democrat
TX,2018,current,22,150515.82442889287,115739.49049251674,Democrat
TX,2018,current,23,105113.8663792542,73210.89378407948,Democrat
TX,2018,current,24,143512.96643671382,87389.11957689111,Democrat
TX,2018,current,25,122325.3129672761,141740.5229968247,Republican
TX,2018,current,26,116624.25065669155,176827.71297412124,Republican
TX,2018,current,27,78384.24995354253,124446.15449539691,Republican
TX,2018,current,28,117759.83615543295,18444.106201597693,Democrat
TX,2018,current,29,88362.81722623101,99360.63605762713,Republican
TX,2018,current,30,138340.79270404205,61575.50893652158,Democrat
TX,2018,current,31,135991.0769734534,142255.30738912578,Republican
TX,2018,current,32,136685.50007348027,71086.04869857675,Democrat
TX,2018,current,33,108833.30072915481,90687.08118982827,Democrat
TX,2018,current,34,86674.3331355241,57281.91885625043,Democrat
TX,2018,current,35,154434.97878720379,86671.5219003291,Democrat
TX,2018,current,36,67304.02765517528,149491.0425795854,Republican
UT,2016,current,1,74585.34125934412,184625.63764663716,Republican
UT,2016,current,2,91885.14159814239,185054.28288684474,Republican
UT,2016,current,3,73574.28836191657,195745.67562302394,Republican
UT,2016,current,4,116245.22878059697,145230.40384349413,Republican
UT,2018,current,1,66423.71717718586,158045.23976451636,Republican
UT,2018,current,2,102574.85439984997,166493.5293663298,Republican
UT,2018,current,3,74682.1871211214,164793.94971117878,Republican
UT,2018,current,4,130328.24130184282,127974.28115797511,Democrat
VA,2016,current,1,123777.5808298587,216863.46393931514,Republican
VA,2016,current,2,127720.60944121436,184798.62136159898,Republican
VA,2016,current,3,196562.01666147972,117815.25647312304,Democrat
VA,2016,current,4,198004.25784555485,148756.61080263398,Democrat
VA,2016,current,5,145940.8781427511,208853.2688263408,Republican
VA,2016,current,6,112082.53945824852,221928.50295997548,Republican
VA,2016,current,7,166240.40384852048,207519.8160353049,Republican
VA,2016,current,8,191282.67627455734,90847.39250833579,Democrat
VA,2016,current,9,89157.99524842956,214446.71978081326,Republican
VA,2016,current,10,155064.49263155385,166934.47716183803,Republican
VA,2016,current,11,105774.54961783146,64245.87015072066,Democrat
VA,2018,current,1,149178.23176069144,180308.89805233644,Republican
VA,2018,current,2,125403.87229736616,125129.37867342074,Democrat
VA,2018,current,3,30790.591524138057,26320.28507949353,Democrat
VA,2018,current,4,171733.0891934054,99252.19486653918,Democrat
VA,2018,current,5,143220.80749108613,166018.3777468012,Republican
VA,2018,current,6,112696.04280407589,165604.04412479492,Republican
VA,2018,current,7,176096.24202903998,161143.27415775773,Democrat
VA,2018,current,8,245643.2733013559,94835.83561320897,Democrat
VA,2018,current,9,86807.50370577579,161826.2774938995,Republican
VA,2018,current,10,202976.5311342826,143786.7943238446,Democrat
VA,2018,current,11,223899.81475878257,84475.63986790313,Democrat
VT,2016,current,1,264414,0,Democrat
VT,2018,current,1,188547,70705,Democrat
WA,2016,current,1,212696.5530575115,128485.65847592769,Democrat
WA,2016,current,2,205979.33522347192,122918.46977473455,Democrat
WA,2016,current,3,122415.80625138967,194570.51361002272,Republican
WA,2016,current,4,1494.021509038163,227955.2348806582,Republican
WA,2016,current,5,130197.24722840074,194356.94460578662,Republican
WA,2016,current,6,183640.29344128745,134603.41840728655,Democrat
WA,2016,current,7,217796.3309962462,102727.30161931952,Democrat
WA,2016,current,8,172546.3935289305,133092.92115578902,Democrat
WA,2016,current,9,304478.3143313756,43649.737177780065,Democrat
WA,2016,current,10,184900.70443234785,122529.80029269523,Democrat
WA,2018,current,1,203602.38470940985,73798.41051215642,Democrat
WA,2018,current,2,193255.9100745779,48552.48640138708,Democrat
WA,2018,current,3,142974.85600045565,158618.7029453846,Republican
WA,2018,current,4,66820.95738117528,119888.55655895655,Republican
WA,2018,current,5,124936.41053513637,153916.89700259478,Republican
WA,2018,current,6,171353.8420842682,110763.44838521021,Democrat
WA,2018,current,7,216305.97962008524,74453.29712068706,Democrat
WA,2018,current,8,171345.22515878326,96028.27433944945,Democrat
WA,2018,current,9,302294.07291899,32493.849677325416,Democrat
WA,2018,current,10,159608.36151711785,91107.07705684856,Democrat
WI,2016,current,1,119036.48408664961,199289.29675365236,Republican
WI,2016,current,2,271772.7080771097,128500.3534759127,Democrat
WI,2016,current,3,8082.7004737741245,14450.397989452247,Republican
WI,2016,current,4,213277.0255047675,50987.43475773821,Democrat
WI,2016,current,5,112336.1775014556,235275.8949963603,Republican
WI,2016,current,6,131523.53834971428,206238.24639822645,Republican
WI,2016,current,7,131247.79518977087,209577.5367486273,Republican
WI,2016,current,8,135318.5708167584,225959.83888003047,Republican
WI,2018,current,1,132263.79948761527,156996.46617159955,Republican
WI,2018,current,2,11109.685459957018,8048.5906378717755,Democrat
WI,2018,current,3,183102.41378937796,129570.19245050832,Democrat
WI,2018,current,4,210662.6771001292,82254.42963333086,Democrat
WI,2018,current,5,129413.1417272697,213906.40392253225,Republican
WI,2018,current,6,143010.04454967577,182341.91001100774,Republican
WI,2018,current,7,127687.69735246786,190184.3005228435,Republican
WI,2018,current,8,119226.54053350726,207415.70665030598,Republican
WV,2016,current,1,73534.0,163469.0,Republican
WV,2016,current,2,101207.0,140807.0,Republican
WV,2016,current,3,49708.0,140741.0,Republican
WV,2018,current,1,70402.0,128725.0,Republican
WV,2018,current,2,86678.0,109018.0,Republican
WV,2018,current,3,75776.0,98048.0,Republican
WY,2016,current,1,75466,156176,Republican
WY,2018,current,1,59903,127963,Republican
