<?xml version="1.0" encoding="UTF-8"?>
<gmi:MI_Metadata xmlns:xlink="http://www.w3.org/1999/xlink"
                 xmlns:gmd="http://www.isotc211.org/2005/gmd"
                 xmlns:gco="http://www.isotc211.org/2005/gco"
                 xmlns:gml="http://www.opengis.net/gml/3.2"
                 xmlns:xsi="http://www.w3.org/2001/XMLSchema-instance"
                 xmlns:gmi="http://www.isotc211.org/2005/gmi"
                 xsi:schemaLocation="http://www.isotc211.org/2005/gmi http://www.ngdc.noaa.gov/metadata/published/xsd/schema.xsd">
   <gmd:fileIdentifier>
      <gco:CharacterString>tl_2017_04_tract.shp.iso.xml</gco:CharacterString>
   </gmd:fileIdentifier>
   <gmd:language>
      <gco:CharacterString>eng</gco:CharacterString>
   </gmd:language>
   <gmd:characterSet>
      <gmd:MD_CharacterSetCode codeList="http://www.isotc211.org/2005/resources/Codelist/gmxCodelists.xml#MD_CharacterSetCode"
                               codeListValue="UTF-8"
                               codeSpace="">UTF-8</gmd:MD_CharacterSetCode>
   </gmd:characterSet>
   <!-- This part represents a link to the Series Collection File -->
<gmd:parentIdentifier>
      <gco:CharacterString>TIGER/Line Shapefile,  2017, Series Information for the   Current Census Tract State-based</gco:CharacterString>
   </gmd:parentIdentifier>
   <gmd:hierarchyLevel>
      <gmd:MD_ScopeCode codeList="http://www.isotc211.org/2005/resources/Codelist/gmxCodelists.xml#MD_ScopeCode"
                        codeListValue="dataset">
dataset
</gmd:MD_ScopeCode>
   </gmd:hierarchyLevel>
   <gmd:contact xlink:href="https://www.ngdc.noaa.gov/docucomp/B04DFA5D-40CD-B677-E040-0AC8C5BB4473"
                xlink:title=" U.S. Department of Commerce, U.S. Census Bureau, Geography Division, Spatial Data Collection and Products Branch(custodian)"/>
   <gmd:dateStamp>
      <gco:Date>2017-06-01</gco:Date>
   </gmd:dateStamp>
   <gmd:metadataStandardName>
      <gco:CharacterString>ISO 19115 Geographic Information - Metadata </gco:CharacterString>
   </gmd:metadataStandardName>
   <gmd:metadataStandardVersion>
      <gco:CharacterString>2009-02-15 </gco:CharacterString>
   </gmd:metadataStandardVersion>
   <gmd:dataSetURI>
      <gco:CharacterString>http://www2.census.gov/geo/tiger/TIGER2017/TRACT/tl_2017_04_tract.zip</gco:CharacterString>
   </gmd:dataSetURI>
   <!-- This is the ptvctinf/sdtsterm/sdtstype from section 3 of the FGDC Standard (Spatial Data Organization) -->
<gmd:spatialRepresentationInfo>
      <gmd:MD_VectorSpatialRepresentation>
         <gmd:geometricObjects>
            <gmd:MD_GeometricObjects>
               <gmd:geometricObjectType>
                  <gmd:MD_GeometricObjectTypeCode codeList="http://www.isotc211.org/2005/resources/Codelist/gmxCodelists.xml#MD_GeometricObjectTypeCode"
                                                  codeListValue="complex"
                                                  codeSpace="001">
                                                complex </gmd:MD_GeometricObjectTypeCode>
               </gmd:geometricObjectType>
               <gmd:geometricObjectCount>
                  <gco:Integer>1526</gco:Integer>
               </gmd:geometricObjectCount>
            </gmd:MD_GeometricObjects>
         </gmd:geometricObjects>
      </gmd:MD_VectorSpatialRepresentation>
   </gmd:spatialRepresentationInfo>
   <!--This is the indirect spatial reference of section 3 of the FGDC Standard-->
<gmd:referenceSystemInfo>
      <gmd:MD_ReferenceSystem>
         <gmd:referenceSystemIdentifier>
            <gmd:RS_Identifier>
               <gmd:code gco:nilReason="unknown"/>
               <gmd:codeSpace>
                  <gco:CharacterString>Federal Information Processing Series (FIPS), Geographic Names Information System (GNIS), and feature names.</gco:CharacterString>
               </gmd:codeSpace>
            </gmd:RS_Identifier>
         </gmd:referenceSystemIdentifier>
      </gmd:MD_ReferenceSystem>
   </gmd:referenceSystemInfo>
   <gmd:referenceSystemInfo xlink:href="https://www.ngdc.noaa.gov/docucomp/65f8b220-95ed-11e0-aa80-0800200c9a66"
                            xlink:title="North American Datum 1983"/>
   <!--This part represents Section 1 of the FGDC Metadata Standard -->
<gmd:identificationInfo>
      <gmd:MD_DataIdentification>
         <gmd:citation>
            <gmd:CI_Citation>
               <gmd:title>
                  <gco:CharacterString>TIGER/Line Shapefile, 2017,  state, Arizona, Current Census Tract State-based</gco:CharacterString>
               </gmd:title>
               <gmd:alternateTitle>
                  <gco:CharacterString>National Geospatial Data Asset (NGDA) Census Tract</gco:CharacterString>
               </gmd:alternateTitle>
               <gmd:date>
                  <gmd:CI_Date>
<!-- This is the publication date -->
<gmd:date>
                        <gco:Date>2017</gco:Date>
                     </gmd:date>
                     <gmd:dateType>
                        <gmd:CI_DateTypeCode codeList="http://www.isotc211.org/2005/resources/Codelist/gmxCodelists.xml#CI_DateTypeCode"
                                             codeListValue="publication"
                                             codeSpace="002"> publication </gmd:CI_DateTypeCode>
                     </gmd:dateType>
                  </gmd:CI_Date>
               </gmd:date>
           
                  <gmd:edition>
                  <gco:CharacterString>2017</gco:CharacterString>
               </gmd:edition>
               <gmd:citedResponsibleParty xlink:href="https://www.ngdc.noaa.gov/docucomp/cf2b3bf2-5dd9-4fed-a495-1ddfb9a41de2 "
                                          xlink:title="U.S. Department of Commerce, U.S. Census Bureau, Geography Division (Originator) "/>
               <gmd:presentationForm>
                  <gmd:CI_PresentationFormCode codeList="http://www.isotc211.org/2005/resources/Codelist/gmxCodelists.xml#CI_PresentationFormCode"
                                               codeListValue="mapDigital"/>
               </gmd:presentationForm>
            </gmd:CI_Citation>
         </gmd:citation>
         <gmd:abstract>
            <gco:CharacterString>The TIGER/Line shapefiles and related database files (.dbf) are an extract of selected geographic and cartographic information from the U.S. Census Bureau's Master Address File / Topologically Integrated Geographic Encoding and Referencing (MAF/TIGER) Database (MTDB).  The MTDB represents a seamless national file with no overlaps or gaps between parts, however, each TIGER/Line shapefile is designed to stand alone as an independent data set, or they can be combined to cover the entire nation.


Census tracts are small, relatively permanent statistical subdivisions of a county or equivalent entity, and were defined by local participants as part of the 2010 Census Participant Statistical Areas Program.  The Census Bureau delineated the census tracts in situations where no local participant existed or where all the potential participants declined to participate.  The primary purpose of census tracts is to provide a stable set of geographic units for the presentation of census data and comparison back to previous decennial censuses.  Census tracts generally have a population size between 1,200 and 8,000 people, with an optimum size of 4,000 people.  When first delineated, census tracts were designed to be homogeneous with respect to population characteristics, economic status, and living conditions.  The spatial size of census tracts varies widely depending on the density of settlement.  Physical changes in street patterns caused by highway construction, new development, and so forth, may require boundary revisions.  In addition, census tracts occasionally are split due to population growth, or combined as a result of substantial population decline.  Census tract boundaries generally follow visible and identifiable features.  They may follow legal boundaries such as minor civil division (MCD) or incorporated place boundaries in some States and situations to allow for census tract-to-governmental unit relationships where the governmental boundaries tend to remain unchanged between censuses.  State and county boundaries always are census tract boundaries in the standard census geographic hierarchy.  In a few rare instances, a census tract may consist of noncontiguous areas.  These noncontiguous areas may occur where the census tracts are coextensive with all or parts of legal entities that are themselves noncontiguous.  For the 2010 Census, the census tract code range of 9400 through 9499 was enforced for census tracts that include a majority American Indian population according to Census 2000 data and/or their area was primarily covered by federally recognized American Indian reservations and/or off-reservation trust lands; the code range 9800 through 9899 was enforced for those census tracts that contained little or no population and represented a relatively large special land use area such as a National Park, military installation, or a business/industrial park; and the code range 9900 through 9998 was enforced for those census tracts that contained only water area, no land area.  
</gco:CharacterString>
         </gmd:abstract>
         <gmd:purpose>
            <gco:CharacterString>In order for others to use the information in the Census MAF/TIGER database in a geographic information system (GIS) or for other geographic applications, the Census Bureau releases to the public extracts of the database in the form of TIGER/Line Shapefiles.</gco:CharacterString>
         </gmd:purpose>
         <gmd:status>
            <gmd:MD_ProgressCode codeList="http://www.isotc211.org/2005/resources/Codelist/gmxCodelists.xml#MD_ProgressCode"
                                 codeListValue="completed">
                        completed
                    </gmd:MD_ProgressCode>
         </gmd:status>
         <gmd:pointOfContact xlink:href="https://www.ngdc.noaa.gov/docucomp/c5ceb003-1ed6-4126-8a16-bc08ce8fc267"
                             xlink:title="U.S. Department of Commerce, U.S. Census Bureau, Geography Division, Spatial Data Collection and Products Branch"/>
         <gmd:resourceMaintenance>
            <gmd:MD_MaintenanceInformation>
               <gmd:maintenanceAndUpdateFrequency>
                  <gmd:MD_MaintenanceFrequencyCode codeList="http://www.isotc211.org/2005/resources/Codelist/gmxCodelists.xml#MD_MaintenanceFrequencyCode"
                                                   codeListValue="notPlanned"
                                                   codeSpace="011">
                         notPlanned
                </gmd:MD_MaintenanceFrequencyCode>
               </gmd:maintenanceAndUpdateFrequency>
            </gmd:MD_MaintenanceInformation>
         </gmd:resourceMaintenance>
         <gmd:descriptiveKeywords>
            <gmd:MD_Keywords>
               <gmd:keyword>
                  <gco:CharacterString>NGDA</gco:CharacterString>
               </gmd:keyword>
               <gmd:keyword>
                  <gco:CharacterString>Governmental Units and Administrative and Statistical Boundaries Theme</gco:CharacterString>
               </gmd:keyword>
               <gmd:keyword>
                  <gco:CharacterString>National Geospatial Data Asset</gco:CharacterString>
               </gmd:keyword>
               <gmd:type>
                  <gmd:MD_KeywordTypeCode codeList="http://www.isotc211.org/2005/resources/Codelist/gmxCodelists.xml#MD_KeywordTypeCode"
                                          codeListValue="theme"
                                          codeSpace="005"> theme </gmd:MD_KeywordTypeCode>
               </gmd:type>
               <gmd:type>
                  <gmd:MD_KeywordTypeCode codeList="http://www.isotc211.org/2005/resources/Codelist/gmxCodelists.xml#MD_KeywordTypeCode"
                                          codeListValue="theme"
                                          codeSpace="005"> theme </gmd:MD_KeywordTypeCode>
               </gmd:type>
               <gmd:thesaurusName>
                  <gmd:CI_Citation>
                     <gmd:title>
                        <gco:CharacterString>NGDA Portfolio Themes</gco:CharacterString>
                     </gmd:title>
                     <gmd:date>
                        <gmd:CI_Date>
                           <gmd:date>
                              <gco:Date>2010-02-01</gco:Date>
                           </gmd:date>
                           <gmd:dateType>
                              <gmd:CI_DateTypeCode codeList="http://www.isotc211.org/2005/resources/Codelist/gmxCodelists.xml#CI_DateTypeCode"
                                                   codeListValue="revision"
                                                   codeSpace="003"> revision
                            </gmd:CI_DateTypeCode>
                           </gmd:dateType>
                        </gmd:CI_Date>
                     </gmd:date>
                     <gmd:otherCitationDetails>
                        <gco:CharacterString>http://www.fgdc.gov/initiatives/resources/2013-2-1-ngda-data-themes-fgdc-sc-revised.pdf</gco:CharacterString>
                     </gmd:otherCitationDetails>
                  </gmd:CI_Citation>
               </gmd:thesaurusName>
            </gmd:MD_Keywords>
         </gmd:descriptiveKeywords>
         <gmd:descriptiveKeywords>
            <gmd:MD_Keywords>
               <gmd:keyword>
                  <gco:CharacterString>State or equivalent entity</gco:CharacterString>
               </gmd:keyword>
               <gmd:keyword>
                  <gco:CharacterString>Polygon</gco:CharacterString>
               </gmd:keyword>
               <gmd:keyword>
                  <gco:CharacterString>Census Tract</gco:CharacterString>
               </gmd:keyword>
               <gmd:keyword>
                  <gco:CharacterString>Tract</gco:CharacterString>
               </gmd:keyword>
               <gmd:type>
                  <gmd:MD_KeywordTypeCode codeList="http://www.isotc211.org/2005/resources/Codelist/gmxCodelists.xml#MD_KeywordTypeCode"
                                          codeListValue="theme"
                                          codeSpace="005"> theme </gmd:MD_KeywordTypeCode>
               </gmd:type>
               <gmd:thesaurusName>
                  <gmd:CI_Citation>
                     <gmd:title>
                        <gco:CharacterString>None</gco:CharacterString>
                     </gmd:title>
                     <gmd:date gco:nilReason="unknown"/>
                  </gmd:CI_Citation>
               </gmd:thesaurusName>
            </gmd:MD_Keywords>
         </gmd:descriptiveKeywords>
         <gmd:descriptiveKeywords>
            <gmd:MD_Keywords>
               <gmd:keyword>
                  <gco:CharacterString>United States</gco:CharacterString>
               </gmd:keyword>
               <gmd:keyword>
                  <gco:CharacterString>U.S.</gco:CharacterString>
               </gmd:keyword>
               <gmd:keyword>
                  <gco:CharacterString>State or Equivalent Entity</gco:CharacterString>
               </gmd:keyword>
               <gmd:keyword>
                  <gco:CharacterString>Arizona</gco:CharacterString>
               </gmd:keyword>
               <gmd:keyword>
                  <gco:CharacterString>AZ</gco:CharacterString>
               </gmd:keyword>
               <gmd:keyword>
                  <gco:CharacterString>04</gco:CharacterString>
               </gmd:keyword>
               <gmd:type>
                  <gmd:MD_KeywordTypeCode codeList="http://www.isotc211.org/2005/resources/Codelist/gmxCodelists.xml#MD_KeywordTypeCode"
                                          codeListValue="place"
                                          codeSpace="002"> place </gmd:MD_KeywordTypeCode>
               </gmd:type>
               <gmd:thesaurusName>
                  <gmd:CI_Citation>
                     <gmd:title>
                        <gco:CharacterString>ANSI INCITS 38:2009 (Formerly FIPS 5-2), ANSI INCITS 31:2009 (Formerly FIPS 6-4),ANSI INCITS 454:2009 (Formerly FIPS 8-6), ANSI INCITS 455:2009(Formerly FIPS 9-1), ANSI INCITS 446:2008 (Geographic Names Information System (GNIS))</gco:CharacterString>
                     </gmd:title>
                     <gmd:date gco:nilReason="unknown"/>
                  </gmd:CI_Citation>
               </gmd:thesaurusName>
            </gmd:MD_Keywords>
         </gmd:descriptiveKeywords>
         <gmd:resourceConstraints>
            <gmd:MD_LegalConstraints>
               <gmd:accessConstraints>
                  <gmd:MD_RestrictionCode codeList="http://www.isotc211.org/2005/resources/Codelist/gmxCodelists.xml#MD_RestrictionCode"
                                          codeListValue="otherRestrictions"
                                          codeSpace="008 "> otherRestrictions </gmd:MD_RestrictionCode>
               </gmd:accessConstraints>
               <gmd:useConstraints>
                  <gmd:MD_RestrictionCode codeList="http://www.isotc211.org/2005/resources/Codelist/gmxCodelists.xml#MD_RestrictionCode"
                                          codeListValue="otherRestrictions"
                                          codeSpace="008 "/>
               </gmd:useConstraints>
               <gmd:otherConstraints>
                  <gco:CharacterString> Access Constraints: None</gco:CharacterString>
               </gmd:otherConstraints>
               <gmd:otherConstraints>
                  <gco:CharacterString> Use Constraints:The TIGER/Line Shapefile products are not copyrighted however TIGER/Line and Census TIGER are registered trademarks of the U.S. Census Bureau.  These products are free to use in a product or publication, however acknowledgement must be given to the U.S. Census Bureau as the source.
The boundary information in the TIGER/Line Shapefiles are for statistical data collection and tabulation purposes only; their depiction and designation for statistical purposes does not constitute a determination of jurisdictional authority or rights of ownership or entitlement and they are not legal land descriptions.Coordinates in the TIGER/Line shapefiles have six implied decimal places, but the positional accuracy of these coordinates is not as great as the six decimal places suggest.</gco:CharacterString>
               </gmd:otherConstraints>
            </gmd:MD_LegalConstraints>
         </gmd:resourceConstraints>
            <!-- This is from the Direct Spatial Reference from Chapter 3 -->
            <gmd:spatialRepresentationType>
            <gmd:MD_SpatialRepresentationTypeCode codeList="http://www.isotc211.org/2005/resources/Codelist/gmxCodelists.xml#MD_SpatialRepresentationTypeCode"
                                                  codeListValue="vector">vector</gmd:MD_SpatialRepresentationTypeCode>
         </gmd:spatialRepresentationType>
         <gmd:language>
            <gco:CharacterString>eng</gco:CharacterString>
         </gmd:language>
         <gmd:characterSet>
            <gmd:MD_CharacterSetCode codeList="http://www.isotc211.org/2005/resources/Codelist/gmxCodelists.xml#MD_CharacterSetCode"
                                     codeListValue="UTF-8"
                                     codeSpace="">UTF-8</gmd:MD_CharacterSetCode>
         </gmd:characterSet>
         <gmd:topicCategory>
            <gmd:MD_TopicCategoryCode>boundaries</gmd:MD_TopicCategoryCode>
         </gmd:topicCategory>
         <gmd:environmentDescription>
            <gco:CharacterString>The TIGER/Line shapefiles contain geographic data only and do not include display mapping software or statistical data.  For information on how to use the TIGER/Line shapefile data with specific software package users shall contact the company that produced the software.</gco:CharacterString>
         </gmd:environmentDescription>
         <gmd:extent>
            <gmd:EX_Extent id="boundingExtent">
               <gmd:geographicElement>
                  <gmd:EX_GeographicBoundingBox id="boundingGeographicBoundingBox">
                     <gmd:westBoundLongitude>
                        <gco:Decimal>-114.816591</gco:Decimal>
                     </gmd:westBoundLongitude>
                     <gmd:eastBoundLongitude>
                        <gco:Decimal>-109.045172</gco:Decimal>
                     </gmd:eastBoundLongitude>
                     <gmd:southBoundLatitude>
                        <gco:Decimal>31.332177</gco:Decimal>
                     </gmd:southBoundLatitude>
                     <gmd:northBoundLatitude>
                        <gco:Decimal>37.003725</gco:Decimal>
                     </gmd:northBoundLatitude>
                  </gmd:EX_GeographicBoundingBox>
               </gmd:geographicElement>
               <gmd:temporalElement>
                  <gmd:EX_TemporalExtent id="boundingTemporalExtent">
                     <gmd:extent>
                        <gml:TimePeriod gml:id="boundingTemporalExtentA">
                           <gml:description>publication date</gml:description>
                           <gml:beginPosition>2016-06</gml:beginPosition>
                           <gml:endPosition>2017-05</gml:endPosition>
                        </gml:TimePeriod>
                     </gmd:extent>
                  </gmd:EX_TemporalExtent>
               </gmd:temporalElement>
            </gmd:EX_Extent>
         </gmd:extent>
      </gmd:MD_DataIdentification>
   </gmd:identificationInfo>
   <!--This section provides the link for the file containing the Entity and Attribute Information. -->
<gmd:contentInfo>
      <gmd:MD_FeatureCatalogueDescription>
         <gmd:includedWithDataset>
            <gco:Boolean>true</gco:Boolean>
         </gmd:includedWithDataset>
         <gmd:featureTypes>
            <gco:LocalName codeSpace="unknown"/>
         </gmd:featureTypes>
         <gmd:featureCatalogueCitation>
            <gmd:CI_Citation>
               <gmd:title>
                  <gco:CharacterString/>
               </gmd:title>
               <gmd:date>
                  <gmd:CI_Date>
                     <gmd:date>
                        <gco:Date>2017</gco:Date>
                     </gmd:date>
                     <gmd:dateType>
                        <gmd:CI_DateTypeCode codeList="http://www.isotc211.org/2005/resources/Codelist/gmxCodelists.xml#CI_DateTypeCode"
                                             codeListValue="publication"
                                             codeSpace="002"/>
                     </gmd:dateType>
                  </gmd:CI_Date>
               </gmd:date>
               <gmd:citedResponsibleParty xlink:href="https://www.ngdc.noaa.gov/docucomp/1df27e57-4768-42de-909b-52f530601fba"
                                          xlink:title="U.S Department of Commerce, U.S Census Bureau, Geography Division (distributor)"/>
               <gmd:otherCitationDetails>
                  <gco:CharacterString>https://meta.geo.census.gov/data/existing/decennial/GEO/GPMB/TIGERline/TIGER2017/tract/tl_2017_tract.shp.ea.iso.xml</gco:CharacterString>
               </gmd:otherCitationDetails>
            </gmd:CI_Citation>
         </gmd:featureCatalogueCitation>
      </gmd:MD_FeatureCatalogueDescription>
   </gmd:contentInfo>
   <gmd:distributionInfo>
      <gmd:MD_Distribution>
         <gmd:distributionFormat>
            <gmd:MD_Format>
               <gmd:name>
                  <gco:CharacterString>TGRSHP (compressed)</gco:CharacterString>
               </gmd:name>
               <gmd:version gco:nilReason="unknown"/>
               <gmd:fileDecompressionTechnique>
                  <gco:CharacterString>PK-ZIP, version 1.93 A or higher</gco:CharacterString>
               </gmd:fileDecompressionTechnique>
            </gmd:MD_Format>
         </gmd:distributionFormat>
         <gmd:distributionFormat>
            <gmd:MD_Format>
               <gmd:name>
                  <gco:CharacterString>HTML</gco:CharacterString>
               </gmd:name>
               <gmd:version gco:nilReason="unknown"/>
            </gmd:MD_Format>
         </gmd:distributionFormat>
         <gmd:distributionFormat>
            <gmd:MD_Format>
               <gmd:name>
                  <gco:CharacterString>WMS</gco:CharacterString>
               </gmd:name>
               <gmd:version>
                  <gco:CharacterString>1.3.0</gco:CharacterString>
               </gmd:version>
            </gmd:MD_Format>
         </gmd:distributionFormat>
         <gmd:distributionFormat>
            <gmd:MD_Format>
               <gmd:name>
                  <gco:CharacterString>REST</gco:CharacterString>
               </gmd:name>
               <gmd:version gco:nilReason="unknown"/>
            </gmd:MD_Format>
         </gmd:distributionFormat>
         <gmd:distributor>
            <gmd:MD_Distributor>
               <gmd:distributorContact xlink:href="https://www.ngdc.noaa.gov/docucomp/f48e4893-a57f-4f2b-ad5d-0cca1b34ec62"
                                       xlink:title="U.S Department of Commerce, U.S Census Bureau, Geography Division, Spatial Data Collection and Products Branch (distributor)"/>
               <gmd:distributionOrderProcess>
                  <gmd:MD_StandardOrderProcess>
                     <gmd:fees>
                        <gco:CharacterString>The online copy of the TIGER/Line Shapefiles may be accessed without charge.</gco:CharacterString>
                     </gmd:fees>
                     <gmd:orderingInstructions>
                        <gco:CharacterString>To obtain more information about ordering TIGER/Line Shapefiles visit http://www.census.gov/geo/www/tiger </gco:CharacterString>
                     </gmd:orderingInstructions>
                  </gmd:MD_StandardOrderProcess>
               </gmd:distributionOrderProcess>
            </gmd:MD_Distributor>
         </gmd:distributor>
         <gmd:transferOptions>
            <gmd:MD_DigitalTransferOptions>
               <gmd:onLine>
                  <gmd:CI_OnlineResource>
                     <gmd:linkage>
                        <gmd:URL>http://www2.census.gov/geo/tiger/TIGER2017/TRACT/tl_2017_04_tract.zip</gmd:URL>
                     </gmd:linkage>
                     <gmd:name>
                        <gco:CharacterString>Shapefile Zip File</gco:CharacterString>
                     </gmd:name>
                  </gmd:CI_OnlineResource>
               </gmd:onLine>
            </gmd:MD_DigitalTransferOptions>
         </gmd:transferOptions>
         <gmd:transferOptions>
            <gmd:MD_DigitalTransferOptions>
               <gmd:onLine>
                  <gmd:CI_OnlineResource>
                     <gmd:linkage>
                        <gmd:URL>http://www.census.gov/geo/maps-data/data/tiger-line.html</gmd:URL>
                     </gmd:linkage>
                     <gmd:name>
                        <gco:CharacterString>TIGER/Line® Shapefiles</gco:CharacterString>
                     </gmd:name>
                     <gmd:description>
                        <gco:CharacterString>Should be used for most mapping projects--this is our most comprehensive dataset. Designed for use with GIS
                                                            (geographic information systems).</gco:CharacterString>
                     </gmd:description>
                  </gmd:CI_OnlineResource>
               </gmd:onLine>
            </gmd:MD_DigitalTransferOptions>
         </gmd:transferOptions>
         <gmd:transferOptions>
            <gmd:MD_DigitalTransferOptions>
               <gmd:onLine>
                  <gmd:CI_OnlineResource>
                     <gmd:linkage>
                        <gmd:URL>http://tigerweb.geo.census.gov/arcgis/services/TIGERweb/tigerWMS_Current/MapServer/WmsServer</gmd:URL>
                     </gmd:linkage>
                     <gmd:applicationProfile>
                        <gco:CharacterString>http://opengis.net/spec/wms</gco:CharacterString>
                     </gmd:applicationProfile>
                     <gmd:name>
                        <gco:CharacterString>TIGERweb/tigerWMS_Current (MapServer)</gco:CharacterString>
                     </gmd:name>
                     <gmd:description>
                        <gco:CharacterString>This web mapping service contains the layer for 2010 Census Tracts. 
                                        This URL is to be used in mapping software like ArcMap. To use this in a web browser, see the OGC Web Mapping Specification.
                                    </gco:CharacterString>
                     </gmd:description>
                     <gmd:function>
                        <gmd:CI_OnLineFunctionCode codeList="http://www.isotc211.org/2005/resources/Codelist/gmxCodelists.xml#CI_OnlineFunctionCode"
                                                   codeListValue="download">download
                            </gmd:CI_OnLineFunctionCode>
                     </gmd:function>
                  </gmd:CI_OnlineResource>
               </gmd:onLine>
            </gmd:MD_DigitalTransferOptions>
         </gmd:transferOptions>
         <gmd:transferOptions>
            <gmd:MD_DigitalTransferOptions>
               <gmd:onLine>
                  <gmd:CI_OnlineResource>
                     <gmd:linkage>
                        <gmd:URL>https://tigerweb.geo.census.gov/arcgis/rest/services/TIGERweb/Tracts_Blocks/MapServer</gmd:URL>
                     </gmd:linkage>
                     <gmd:applicationProfile>
                        <gco:CharacterString>http://www.geoplatform.gov/spec/esri-map-rest</gco:CharacterString>
                     </gmd:applicationProfile>
                     <gmd:name>
                        <gco:CharacterString>TIGERweb/Tracts_Blocks (MapServer)</gco:CharacterString>
                     </gmd:name>
                     <gmd:description>
                        <gco:CharacterString>This Rest Service contains the 2010 Census Tracts</gco:CharacterString>
                     </gmd:description>
                     <gmd:function>
                        <gmd:CI_OnLineFunctionCode codeList="http://www.isotc211.org/2005/resources/Codelist/gmxCodelists.xml#CI_OnlineFunctionCode"
                                                   codeListValue="download">download
                            </gmd:CI_OnLineFunctionCode>
                     </gmd:function>
                  </gmd:CI_OnlineResource>
               </gmd:onLine>
            </gmd:MD_DigitalTransferOptions>
         </gmd:transferOptions>
      </gmd:MD_Distribution>
   </gmd:distributionInfo>
   <gmd:dataQualityInfo>
      <gmd:DQ_DataQuality>
         <gmd:scope>
            <gmd:DQ_Scope>
               <gmd:level>
                  <gmd:MD_ScopeCode codeList="http://www.isotc211.org/2005/resources/Codelist/gmxCodelists.xml#MD_ScopeCode"
                                    codeListValue="dataset"
                                    codeSpace="005"> dataset </gmd:MD_ScopeCode>
               </gmd:level>
            </gmd:DQ_Scope>
         </gmd:scope>
         <gmd:report>
            <gmd:DQ_CompletenessCommission>
               <gmd:evaluationMethodDescription>
                  <gco:CharacterString>Data completeness of the TIGER/Line Shapefiles reflects the contents of the Census MAF/TIGER database at the time the TIGER/Line Shapefiles were created.</gco:CharacterString>
               </gmd:evaluationMethodDescription>
               <gmd:result gco:nilReason="unknown"/>
            </gmd:DQ_CompletenessCommission>
         </gmd:report>
         <gmd:report>
            <gmd:DQ_CompletenessOmission>
               <gmd:evaluationMethodDescription>
                  <gco:CharacterString>Data completeness of the TIGER/Line Shapefiles reflects the contents of the Census MAF/TIGER database at the time the TIGER/Line Shapefiles were created.</gco:CharacterString>
               </gmd:evaluationMethodDescription>
               <gmd:result gco:nilReason="unknown"/>
            </gmd:DQ_CompletenessOmission>
         </gmd:report>
         <gmd:report>
            <gmd:DQ_ConceptualConsistency>
               <gmd:measureDescription>
                  <gco:CharacterString>The Census Bureau performed automated tests to ensure logical consistency and limits of shapefiles.  Segments making up the outer and inner boundaries of a polygon tie end-to-end to completely enclose the area.  All polygons are tested for closure.
The Census Bureau uses its internally developed geographic update system to enhance and modify spatial and attribute data in the Census MAF/TIGER database.  Standard geographic codes, such as FIPS codes for states, counties, municipalities, county subdivisions, places, American Indian/Alaska Native/Native Hawaiian areas, and congressional districts are used when encoding spatial entities.  The Census Bureau performed spatial data tests for logical consistency of the codes during the compilation of the original Census MAF/TIGER database files.  Most of the codes for geographic entities except states, counties, urban areas, Core Based Statistical Areas (CBSAs), American Indian Areas (AIAs), and congressional districts were provided to the Census Bureau by the USGS, the agency responsible for maintaining the Geographic Names Information System (GNIS).  Feature attribute information has been examined but has not been fully tested for consistency.
For the TIGER/Line Shapefiles, the Point and Vector Object Count for the G-polygon SDTS Point and Vector Object Type reflects the number of records in the shapefile attribute table.  For multi-polygon features, only one attribute record exists for each multi-polygon rather than one attribute record per individual G-polygon component of the multi-polygon feature.  TIGER/Line Shapefile multi-polygons are an exception to the G-polygon object type classification.  Therefore, when multi-polygons exist in a shapefile, the object count will be less than the actual number of G-polygons.</gco:CharacterString>
               </gmd:measureDescription>
               <gmd:result gco:nilReason="unknown"/>
            </gmd:DQ_ConceptualConsistency>
         </gmd:report>
         <gmd:lineage>
            <gmd:LI_Lineage>
               <gmd:processStep>
                  <gmd:LI_ProcessStep>
                     <gmd:description>
                        <gco:CharacterString>TIGER/Line Shapefiles are extracted from the Census MAF/TIGER database by nation, state, county, and entity.  Census MAF/TIGER data for all of the aforementioned geographic entities are then distributed among the shapefiles each containing attributes for line, polygon, or landmark geographic data. </gco:CharacterString>
                     </gmd:description>
                     <gmd:dateTime>
                        <gco:DateTime>2017-01-01T00:00:00</gco:DateTime>
                     </gmd:dateTime>
                     <gmd:source>
                        <gmd:LI_Source>
                           <gmd:description>
                              <gco:CharacterString>online</gco:CharacterString>
                           </gmd:description>
                           <gmd:sourceCitation>
                              <gmd:CI_Citation>
                                 <gmd:title>
                                    <gco:CharacterString>Census MAF/TIGER database</gco:CharacterString>
                                 </gmd:title>
                                 <gmd:alternateTitle>
                                    <gco:CharacterString>MAF/TIGER</gco:CharacterString>
                                 </gmd:alternateTitle>
                                 <gmd:date>
                                    <gmd:CI_Date>
                                       <gmd:date>
                                          <gco:Date>2017-05</gco:Date>
                                       </gmd:date>
                                       <gmd:dateType>
                                          <gmd:CI_DateTypeCode codeList="http://www.isotc211.org/2005/resources/Codelist/gmxCodelists.xml#CI_DateTypeCode"
                                                               codeListValue="publication date">publication date</gmd:CI_DateTypeCode>
                                       </gmd:dateType>
                                    </gmd:CI_Date>
                                 </gmd:date>
                                 <gmd:citedResponsibleParty>
                                    <gmd:CI_ResponsibleParty>
                                       <gmd:organisationName>
                                          <gco:CharacterString>U.S. Department of Commerce, U.S. Census Bureau, Geography Division</gco:CharacterString>
                                       </gmd:organisationName>
                                       <gmd:role>
                                          <gmd:CI_RoleCode codeList="http://www.isotc211.org/2005/resources/Codelist/gmxCodelists.xml#CI_RoleCode"
                                                           codeListValue="originator">originator
                                             </gmd:CI_RoleCode>
                                       </gmd:role>
                                    </gmd:CI_ResponsibleParty>
                                 </gmd:citedResponsibleParty>
                                 <gmd:otherCitationDetails>
                                    <gco:CharacterString> Source Contribution: All line segments</gco:CharacterString>
                                 </gmd:otherCitationDetails>
                              </gmd:CI_Citation>
                           </gmd:sourceCitation>
                        </gmd:LI_Source>
                     </gmd:source>
                  </gmd:LI_ProcessStep>
               </gmd:processStep>
            </gmd:LI_Lineage>
         </gmd:lineage>
      </gmd:DQ_DataQuality>
   </gmd:dataQualityInfo>
   <gmd:metadataMaintenance>
      <gmd:MD_MaintenanceInformation>
         <gmd:maintenanceAndUpdateFrequency>
            <gmd:MD_MaintenanceFrequencyCode codeList="http://www.isotc211.org/2005/resources/Codelist/gmxCodelists.xml#MD_MaintenanceFrequencyCode"
                                             codeListValue="notPlanned"
                                             codeSpace="011">
                         notPlanned
                </gmd:MD_MaintenanceFrequencyCode>
         </gmd:maintenanceAndUpdateFrequency>
         <gmd:maintenanceNote>
            <gco:CharacterString>This was transformed from the Census Metadata Import Format</gco:CharacterString>
         </gmd:maintenanceNote>
         <gmd:contact xlink:href="https://www.ngdc.noaa.gov/docucomp/B04DFA5D-40CD-B677-E040-0AC8C5BB4473"
                      xlink:title=" U.S. Department of Commerce, U.S. Census Bureau, Geography Division, Spatial Data Collection and Products Branch(custodian)"/>
      </gmd:MD_MaintenanceInformation>
   </gmd:metadataMaintenance>
</gmi:MI_Metadata>